Target URL,Source URL,Anchor Text,Source Crawl Date,Source First Found Date,FlagNoFollow,FlagImageLink,FlagRedirect,FlagFrame,FlagOldCrawl,FlagAltText,FlagMention,SourceCitationFlow,SourceTrustFlow,TargetCitationFlow,TargetTrustFlow,SourceTopicalTrustFlow_Topic_0,SourceTopicalTrustFlow_Value_0,RefDomainTopicalTrustFlow_Topic_0,RefDomainTopicalTrustFlow_Value_0
http://aresdistributors.com/,https://www.pieric-rick-dela-croix.com/,www.aresdistributors.com,2021-07-07,2020-11-22,,,,,,,,25,0,18,0,,,,
http://aresdistributors.com/,https://www.pieric-rick-dela-croix.com/313-2/,www.aresdistributors.com,2021-06-11,2021-05-17,,,,,,,,6,0,18,0,,,,
http://aresdistributors.com/,https://www.pieric-rick-dela-croix.com/347-2/,www.aresdistributors.com,2021-06-27,2021-01-18,,,,,,,,8,0,18,0,,,,
http://aresdistributors.com/,https://www.pieric-rick-dela-croix.com/381-2/,www.aresdistributors.com,2021-06-11,2021-02-23,,,,,,,,15,0,18,0,,,,
http://aresdistributors.com/,https://www.pieric-rick-dela-croix.com/420-2/,www.aresdistributors.com,2021-06-26,2021-02-23,,,,,,,,15,0,18,0,,,,
http://aresdistributors.com/,https://www.pieric-rick-dela-croix.com/439-2/,www.aresdistributors.com,2021-05-28,2021-02-23,,,,,,,,17,0,18,0,,,,
http://aresdistributors.com/,https://www.pieric-rick-dela-croix.com/about/,www.aresdistributors.com,2021-06-13,2021-02-23,,,,,,,,17,0,18,0,,,,
http://aresdistributors.com/,http://www.pieric-rick-dela-croix.com/artfully-executed-article-president-pieric-rick-de-la-croix/,www.aresdistributors.com,2021-05-11,2021-05-11,,,,,,,,3,0,18,0,,,,
http://aresdistributors.com/,https://www.pieric-rick-dela-croix.com/artfully-executed-article-president-pieric-rick-de-la-croix/,www.aresdistributors.com,2021-05-11,2021-05-11,,,,,,,,4,0,18,0,,,,
http://aresdistributors.com/,https://www.pieric-rick-dela-croix.com/author/admin/,www.aresdistributors.com,2021-06-26,2021-02-23,,,,,,,,16,0,18,0,,,,
http://aresdistributors.com/,http://www.pieric-rick-dela-croix.com/author/admin/page/2/,www.aresdistributors.com,2021-05-24,2021-05-24,,,,,,,,4,0,18,0,,,,
http://aresdistributors.com/,https://www.pieric-rick-dela-croix.com/author/admin/page/2/,www.aresdistributors.com,2021-05-24,2021-05-24,,,,,,,,8,0,18,0,,,,
http://aresdistributors.com/,https://www.pieric-rick-dela-croix.com/author/admin/page/3/,www.aresdistributors.com,2021-06-07,2021-05-24,,,,,,,,4,0,18,0,,,,
http://aresdistributors.com/,https://www.pieric-rick-dela-croix.com/author/admin/page/4/,www.aresdistributors.com,2021-06-08,2021-05-25,,,,,,,,2,0,18,0,,,,
http://aresdistributors.com/,https://www.pieric-rick-dela-croix.com/author/admin/page/5/,www.aresdistributors.com,2021-06-07,2021-05-26,,,,,,,,1,0,18,0,,,,
http://aresdistributors.com/,https://www.pieric-rick-dela-croix.com/bomberg-new-skull-rider-collection-rick-de-la-croix/,www.aresdistributors.com,2021-06-04,2021-05-14,,,,,,,,9,0,18,0,,,,
http://aresdistributors.com/,https://www.pieric-rick-dela-croix.com/category/art/,www.aresdistributors.com,2021-06-25,2021-02-23,,,,,,,,16,0,18,0,,,,
http://aresdistributors.com/,http://www.pieric-rick-dela-croix.com/category/art/page/2/,www.aresdistributors.com,2021-05-24,2021-05-24,,,,,,,,4,0,18,0,,,,
http://aresdistributors.com/,https://www.pieric-rick-dela-croix.com/category/art/page/2/,www.aresdistributors.com,2021-05-24,2021-05-24,,,,,,,,8,0,18,0,,,,
http://aresdistributors.com/,https://www.pieric-rick-dela-croix.com/category/bomberg/,www.aresdistributors.com,2021-06-25,2021-02-23,,,,,,,,15,0,18,0,,,,
http://aresdistributors.com/,https://www.pieric-rick-dela-croix.com/category/charity-2/,www.aresdistributors.com,2021-05-28,2021-05-10,,,,,,,,5,0,18,0,,,,
http://aresdistributors.com/,https://www.pieric-rick-dela-croix.com/category/fashion/,www.aresdistributors.com,2021-06-25,2021-02-23,,,,,,,,16,0,18,0,,,,
http://aresdistributors.com/,http://www.pieric-rick-dela-croix.com/category/fashion/page/2/,www.aresdistributors.com,2021-05-05,2020-11-26,,,,,,,,4,0,18,0,,,,
http://aresdistributors.com/,https://www.pieric-rick-dela-croix.com/category/fashion/page/2/,www.aresdistributors.com,2021-05-24,2021-05-24,,,,,,,,8,0,18,0,,,,
http://aresdistributors.com/,https://www.pieric-rick-dela-croix.com/category/lifestyle/,www.aresdistributors.com,2021-06-26,2021-02-23,,,,,,,,16,0,18,0,,,,
http://aresdistributors.com/,http://www.pieric-rick-dela-croix.com/category/lifestyle/page/2/,www.aresdistributors.com,2021-05-24,2021-05-24,,,,,,,,4,0,18,0,,,,
http://aresdistributors.com/,https://www.pieric-rick-dela-croix.com/category/lifestyle/page/2/,www.aresdistributors.com,2021-05-24,2021-05-24,,,,,,,,8,0,18,0,,,,
http://aresdistributors.com/,http://www.pieric-rick-dela-croix.com/category/lifestyle/page/3/,www.aresdistributors.com,2021-05-25,2021-05-25,,,,,,,,2,0,18,0,,,,
http://aresdistributors.com/,https://www.pieric-rick-dela-croix.com/category/lifestyle/page/3/,www.aresdistributors.com,2021-05-24,2021-05-24,,,,,,,,4,0,18,0,,,,
http://aresdistributors.com/,https://www.pieric-rick-dela-croix.com/category/news/,www.aresdistributors.com,2021-05-23,2020-12-28,,,,,,,,16,0,18,0,,,,
http://aresdistributors.com/,https://www.pieric-rick-dela-croix.com/category/news/page/2/,www.aresdistributors.com,2021-06-07,2020-12-29,,,,,,,,8,0,18,0,,,,
http://aresdistributors.com/,https://www.pieric-rick-dela-croix.com/category/news/page/3/,www.aresdistributors.com,2021-06-07,2020-12-29,,,,,,,,4,0,18,0,,,,
http://aresdistributors.com/,https://www.pieric-rick-dela-croix.com/category/news/page/4/,www.aresdistributors.com,2021-06-07,2020-12-29,,,,,,,,2,0,18,0,,,,
http://aresdistributors.com/,https://www.pieric-rick-dela-croix.com/category/pieric-rick-de-la-croix/,www.aresdistributors.com,2021-05-24,2021-02-23,,,,,,,,16,0,18,0,,,,
http://aresdistributors.com/,https://www.pieric-rick-dela-croix.com/category/pieric-rick-de-la-croix/page/2/,www.aresdistributors.com,2021-06-05,2021-05-16,,,,,,,,8,0,18,0,,,,
http://aresdistributors.com/,https://www.pieric-rick-dela-croix.com/category/pieric-rick-de-la-croix/page/3/,www.aresdistributors.com,2021-06-23,2021-05-16,,,,,,,,4,0,18,0,,,,
http://aresdistributors.com/,https://www.pieric-rick-dela-croix.com/category/pieric-rick-de-la-croix/page/4/,www.aresdistributors.com,2021-06-23,2021-05-17,,,,,,,,2,0,18,0,,,,
http://aresdistributors.com/,https://www.pieric-rick-dela-croix.com/category/pieric-rick-de-la-croix/page/5/,www.aresdistributors.com,2021-06-23,2021-05-18,,,,,,,,1,0,18,0,,,,
http://aresdistributors.com/,https://www.pieric-rick-dela-croix.com/category/rick-de-la-croix/,www.aresdistributors.com,2021-06-25,2021-02-23,,,,,,,,16,0,18,0,,,,
http://aresdistributors.com/,https://www.pieric-rick-dela-croix.com/category/uncategorized/,www.aresdistributors.com,2021-05-28,2021-02-23,,,,,,,,15,0,18,0,,,,
http://aresdistributors.com/,https://www.pieric-rick-dela-croix.com/category/uncategorized/page/2/,www.aresdistributors.com,2021-06-26,2021-05-24,,,,,,,,8,0,18,0,,,,
http://aresdistributors.com/,https://www.pieric-rick-dela-croix.com/chat-rick-de-la-croix-proud-different/,www.aresdistributors.com,2021-06-27,2021-01-18,,,,,,,,9,0,18,0,,,,
http://aresdistributors.com/,https://www.pieric-rick-dela-croix.com/classic-collage-pieric-rick-de-la-croix-andy-hirst/,www.aresdistributors.com,2021-06-27,2021-01-18,,,,,,,,9,0,18,0,,,,
http://aresdistributors.com/,https://www.pieric-rick-dela-croix.com/close-hublot-big-bang-unico-fifa-wc-official/,www.aresdistributors.com,2021-05-28,2021-05-10,,,,,,,,8,0,18,0,,,,
http://aresdistributors.com/,https://www.pieric-rick-dela-croix.com/conquering-new-world-rick-de-la-croix-hublot/,www.aresdistributors.com,2021-05-28,2021-02-23,,,,,,,,17,0,18,0,,,,
http://aresdistributors.com/,https://www.pieric-rick-dela-croix.com/discover-bomberg-rick-de-la-croix-watch-brand-everything/,www.aresdistributors.com,2021-06-26,2021-02-23,,,,,,,,15,0,18,0,,,,
http://aresdistributors.com/,https://www.pieric-rick-dela-croix.com/event-recap-hublot-rick-de-la-croix-launches-305-timepiece-w-south-beach/,www.aresdistributors.com,2021-06-05,2021-05-10,,,,,,,,8,0,18,0,,,,
http://aresdistributors.com/,https://www.pieric-rick-dela-croix.com/future-hublot-watchmaking-ricardo-guadalupe-rick-de-la-croix/,www.aresdistributors.com,2021-07-08,2021-01-29,,,,,,,,17,0,18,0,,,,
http://aresdistributors.com/,https://www.pieric-rick-dela-croix.com/haute-100-rick-de-la-croix/,www.aresdistributors.com,2021-06-05,2021-05-10,,,,,,,,5,0,18,0,,,,
http://aresdistributors.com/,https://www.pieric-rick-dela-croix.com/haute-event-lea-roy-blacks-star-studded-annual-gala-returns-19th-year/,www.aresdistributors.com,2021-06-27,2021-01-18,,,,,,,,8,0,18,0,,,,
http://aresdistributors.com/,https://www.pieric-rick-dela-croix.com/haute-philanthropy-mourning-family-foundation-mff-rebranding-launch/,www.aresdistributors.com,2021-06-27,2021-01-18,,,,,,,,8,0,18,0,,,,
http://aresdistributors.com/,http://www.pieric-rick-dela-croix.com/haute-scene-hublot-305-launch-rick-de-la-croix/,www.aresdistributors.com,2021-05-15,2020-12-01,,,,,,,,4,0,18,0,,,,
http://aresdistributors.com/,https://www.pieric-rick-dela-croix.com/haute-scene-hublot-305-launch-rick-de-la-croix/,www.aresdistributors.com,2021-05-13,2020-12-01,,,,,,,,8,0,18,0,,,,
http://aresdistributors.com/,https://www.pieric-rick-dela-croix.com/haute-secrets-miami-florida-pieric-rick-de-la-croix/,www.aresdistributors.com,2021-06-27,2021-01-18,,,,,,,,9,0,18,0,,,,
http://aresdistributors.com/,https://www.pieric-rick-dela-croix.com/heat-comes-dj-irie-weekend-vip-kickoff-hublot/,www.aresdistributors.com,2021-06-07,2020-12-29,,,,,,,,4,0,18,0,,,,
http://aresdistributors.com/,http://www.pieric-rick-dela-croix.com/holiday-gift-ideas-bomberg-rick-de-la-croix/,www.aresdistributors.com,2021-05-24,2020-12-15,,,,,,,,9,0,18,0,,,,
http://aresdistributors.com/,https://www.pieric-rick-dela-croix.com/holiday-gift-ideas-bomberg-rick-de-la-croix/,www.aresdistributors.com,2021-05-24,2021-02-23,,,,,,,,17,0,18,0,,,,
http://aresdistributors.com/,http://www.pieric-rick-dela-croix.com/hublot-ferrari-celebrate-two-year-partnership-bal-harbour/,www.aresdistributors.com,2021-05-11,2021-05-11,,,,,,,,2,0,18,0,,,,
http://aresdistributors.com/,https://www.pieric-rick-dela-croix.com/hublot-ferrari-celebrate-two-year-partnership-bal-harbour/,www.aresdistributors.com,2021-05-11,2021-05-11,,,,,,,,4,0,18,0,,,,
http://aresdistributors.com/,https://www.pieric-rick-dela-croix.com/hublot-helps-ray-allen-raise-500000-diabetes-research/,www.aresdistributors.com,2021-06-05,2021-05-10,,,,,,,,5,0,18,0,,,,
http://aresdistributors.com/,https://www.pieric-rick-dela-croix.com/hublot-scores-a-touchdown-for-charity-at-the-best-buddies-challenge/,www.aresdistributors.com,2021-06-27,2021-01-18,,,,,,,,5,0,18,0,,,,
http://aresdistributors.com/,https://www.pieric-rick-dela-croix.com/hublots-ceo-ricardo-guadalupe-rick-de-la-croix/,www.aresdistributors.com,2021-06-25,2021-06-25,,,,,,,,8,0,18,0,,,,
http://aresdistributors.com/,https://www.pieric-rick-dela-croix.com/lewis-and-de-la-croix-beating-childhood-disadvantages/,www.aresdistributors.com,2021-05-11,2021-05-11,,,,,,,,4,0,18,0,,,,
http://aresdistributors.com/,http://www.pieric-rick-dela-croix.com/luxury-travel-tips-rick-de-la-croix-haute-living-magazine/,www.aresdistributors.com,2021-05-24,2020-12-15,,,,,,,,9,0,18,0,,,,
http://aresdistributors.com/,https://www.pieric-rick-dela-croix.com/luxury-travel-tips-rick-de-la-croix-haute-living-magazine/,www.aresdistributors.com,2021-05-23,2021-02-23,,,,,,,,17,0,18,0,,,,
http://aresdistributors.com/,https://www.pieric-rick-dela-croix.com/master-of-marketing-luxury-watches/,www.aresdistributors.com,2021-06-05,2021-05-11,,,,,,,,5,0,18,0,,,,
http://aresdistributors.com/,https://www.pieric-rick-dela-croix.com/new-gps-miami-magazine-article/,www.aresdistributors.com,2021-07-01,2021-05-11,,,,,,,,5,0,18,0,,,,
http://aresdistributors.com/,https://www.pieric-rick-dela-croix.com/new-issue-haute-lving-miami-featuring-cindy-crawford-rande-gerber-rick-de-la-croix/,www.aresdistributors.com,2021-06-27,2021-01-18,,,,,,,,8,0,18,0,,,,
http://aresdistributors.com/,https://www.pieric-rick-dela-croix.com/not-followers-ordinary-rick-de-la-croix/,www.aresdistributors.com,2021-06-26,2021-02-23,,,,,,,,15,0,18,0,,,,
http://aresdistributors.com/,https://www.pieric-rick-dela-croix.com/page/2/,www.aresdistributors.com,2021-05-23,2020-12-28,,,,,,,,11,0,18,0,,,,
http://aresdistributors.com/,https://www.pieric-rick-dela-croix.com/page/3/,www.aresdistributors.com,2021-06-07,2020-12-29,,,,,,,,7,0,18,0,,,,
http://aresdistributors.com/,https://www.pieric-rick-dela-croix.com/page/4/,www.aresdistributors.com,2021-06-07,2020-12-29,,,,,,,,4,0,18,0,,,,
http://aresdistributors.com/,https://www.pieric-rick-dela-croix.com/page/5/,www.aresdistributors.com,2021-06-07,2020-12-29,,,,,,,,2,0,18,0,,,,
http://aresdistributors.com/,https://www.pieric-rick-dela-croix.com/pieric-rick-de-la-croix-at-dj-khaled-birthday/,www.aresdistributors.com,2021-07-01,2021-05-11,,,,,,,,5,0,18,0,,,,
http://aresdistributors.com/,http://www.pieric-rick-dela-croix.com/pieric-rick-de-la-croix-mr-brainwash-others-art-basel-miami/,www.aresdistributors.com,2021-05-15,2020-12-01,,,,,,,,3,0,18,0,,,,
http://aresdistributors.com/,https://www.pieric-rick-dela-croix.com/pieric-rick-de-la-croix-mr-brainwash-others-art-basel-miami/,www.aresdistributors.com,2021-05-15,2021-05-15,,,,,,,,5,0,18,0,,,,
http://aresdistributors.com/,http://www.pieric-rick-dela-croix.com/power-king-rick-de-la-croix/,www.aresdistributors.com,2021-06-29,2020-12-15,,,,,,,,9,0,18,0,,,,
http://aresdistributors.com/,https://www.pieric-rick-dela-croix.com/power-king-rick-de-la-croix/,www.aresdistributors.com,2021-05-24,2021-02-23,,,,,,,,17,0,18,0,,,,
http://aresdistributors.com/,https://www.pieric-rick-dela-croix.com/power-to-the-king-rick-de-la-croix/,www.aresdistributors.com,2021-07-05,2021-05-10,,,,,,,,4,0,18,0,,,,
http://aresdistributors.com/,https://www.pieric-rick-dela-croix.com/power-to-the-king-rick-de-la-croix/?long=1&button=%E6%9F%A5%E8%AF%A2,www.aresdistributors.com,2021-07-08,2021-05-28,,,,,,,,0,0,18,0,,,,
http://aresdistributors.com/,https://www.pieric-rick-dela-croix.com/private-viewing-unico-latest-hublot/,www.aresdistributors.com,2021-06-27,2021-01-18,,,,,,,,8,0,18,0,,,,
http://aresdistributors.com/,http://www.pieric-rick-dela-croix.com/rick-de-la-croix-bomberg-present-leadersnot-followers/,www.aresdistributors.com,2021-05-24,2020-12-15,,,,,,,,9,0,18,0,,,,
http://aresdistributors.com/,https://www.pieric-rick-dela-croix.com/rick-de-la-croix-bomberg-present-leadersnot-followers/,www.aresdistributors.com,2021-05-24,2021-02-23,,,,,,,,17,0,18,0,,,,
http://aresdistributors.com/,http://www.pieric-rick-dela-croix.com/rick-de-la-croix-hublot-celebrating-opening-second-las-vegas-boutique/,www.aresdistributors.com,2021-05-24,2020-11-16,,,,,,,,0,0,18,0,,,,
http://aresdistributors.com/,https://www.pieric-rick-dela-croix.com/rick-de-la-croix-interviewed-kuwait-official-launch-bomberg-behbehani-group/,www.aresdistributors.com,2021-06-27,2021-01-18,,,,,,,,9,0,18,0,,,,
http://aresdistributors.com/,https://www.pieric-rick-dela-croix.com/rick-de-la-croix-makes-haute-living-miamis-haute-100-list/,www.aresdistributors.com,2021-06-25,2021-06-25,,,,,,,,8,0,18,0,,,,
http://aresdistributors.com/,https://www.pieric-rick-dela-croix.com/rick-de-la-croix-man-charge-bomberg-usa/,www.aresdistributors.com,2021-07-05,2021-02-23,,,,,,,,15,0,18,0,,,,
http://aresdistributors.com/,https://www.pieric-rick-dela-croix.com/rick-de-la-croix-presents-heat-congratulatory-white-hot-big-bang-timepieces/,www.aresdistributors.com,2021-07-01,2021-05-10,,,,,,,,8,0,18,0,,,,
http://aresdistributors.com/,https://www.pieric-rick-dela-croix.com/rick-de-la-croixs-blowout-50th-birthday-recap/,www.aresdistributors.com,2021-06-27,2021-01-18,,,,,,,,9,0,18,0,,,,
http://aresdistributors.com/,https://www.pieric-rick-dela-croix.com/rick-de-la-croixs-bomberg-launches-first-collection-watches-exclusively-women/,www.aresdistributors.com,2021-06-27,2021-01-18,,,,,,,,8,0,18,0,,,,
http://aresdistributors.com/,http://www.pieric-rick-dela-croix.com/skull-rider-collection-rick-de-la-croix-homage-luxury-speed/,www.aresdistributors.com,2021-05-24,2020-12-15,,,,,,,,0,0,18,0,,,,
http://aresdistributors.com/,https://www.pieric-rick-dela-croix.com/skull-rider-collection-rick-de-la-croix-homage-luxury-speed/,www.aresdistributors.com,2021-06-27,2021-01-18,,,,,,,,9,0,18,0,,,,
http://aresdistributors.com/,https://www.pieric-rick-dela-croix.com/tag/1968/,www.aresdistributors.com,2021-06-07,2020-12-29,,,,,,,,9,0,18,0,,,,
http://aresdistributors.com/,https://www.pieric-rick-dela-croix.com/tag/305-timepiece/,www.aresdistributors.com,2021-06-29,2021-05-10,,,,,,,,8,0,18,0,,,,
http://aresdistributors.com/,https://www.pieric-rick-dela-croix.com/tag/arresting/,www.aresdistributors.com,2021-06-07,2020-12-29,,,,,,,,8,0,18,0,,,,
http://aresdistributors.com/,https://www.pieric-rick-dela-croix.com/tag/art/,www.aresdistributors.com,2021-05-28,2021-05-11,,,,,,,,9,0,18,0,,,,
http://aresdistributors.com/,http://www.pieric-rick-dela-croix.com/tag/art-basel-miami-beach/,www.aresdistributors.com,2021-05-15,2020-12-01,,,,,,,,2,0,18,0,,,,
http://aresdistributors.com/,https://www.pieric-rick-dela-croix.com/tag/art-basel-miami-beach/,www.aresdistributors.com,2021-05-15,2021-05-15,,,,,,,,4,0,18,0,,,,
http://aresdistributors.com/,http://www.pieric-rick-dela-croix.com/tag/bal-harbor/,www.aresdistributors.com,2021-05-15,2020-12-01,,,,,,,,2,0,18,0,,,,
http://aresdistributors.com/,https://www.pieric-rick-dela-croix.com/tag/bal-harbor/,www.aresdistributors.com,2021-05-11,2021-05-11,,,,,,,,4,0,18,0,,,,
http://aresdistributors.com/,https://www.pieric-rick-dela-croix.com/tag/beating-the-odds/,www.aresdistributors.com,2021-06-25,2021-05-11,,,,,,,,9,0,18,0,,,,
http://aresdistributors.com/,http://www.pieric-rick-dela-croix.com/tag/best-buddies-challenge/,www.aresdistributors.com,2021-05-15,2020-12-01,,,,,,,,3,0,18,0,,,,
http://aresdistributors.com/,https://www.pieric-rick-dela-croix.com/tag/best-buddies-challenge/,www.aresdistributors.com,2021-05-10,2021-05-10,,,,,,,,5,0,18,0,,,,
http://aresdistributors.com/,https://www.pieric-rick-dela-croix.com/tag/bolt-68/,www.aresdistributors.com,2021-06-07,2020-12-29,,,,,,,,9,0,18,0,,,,
http://aresdistributors.com/,https://www.pieric-rick-dela-croix.com/tag/bomberg/,www.aresdistributors.com,2021-05-23,2020-12-28,,,,,,,,15,0,18,0,,,,
http://aresdistributors.com/,https://www.pieric-rick-dela-croix.com/tag/boy-george/,www.aresdistributors.com,2021-06-07,2020-12-29,,,,,,,,8,0,18,0,,,,
http://aresdistributors.com/,http://www.pieric-rick-dela-croix.com/tag/charities/,www.aresdistributors.com,2021-05-15,2020-12-01,,,,,,,,4,0,18,0,,,,
http://aresdistributors.com/,https://www.pieric-rick-dela-croix.com/tag/charities/,www.aresdistributors.com,2021-05-10,2021-05-10,,,,,,,,8,0,18,0,,,,
http://aresdistributors.com/,https://www.pieric-rick-dela-croix.com/tag/charity/,www.aresdistributors.com,2021-06-07,2020-12-29,,,,,,,,5,0,18,0,,,,
http://aresdistributors.com/,https://www.pieric-rick-dela-croix.com/tag/cindy-crawford/,www.aresdistributors.com,2021-06-07,2020-12-29,,,,,,,,8,0,18,0,,,,
http://aresdistributors.com/,http://www.pieric-rick-dela-croix.com/tag/diabetes-research/,www.aresdistributors.com,2021-05-19,2020-12-10,,,,,,,,3,0,18,0,,,,
http://aresdistributors.com/,https://www.pieric-rick-dela-croix.com/tag/diabetes-research/,www.aresdistributors.com,2021-05-10,2021-05-10,,,,,,,,5,0,18,0,,,,
http://aresdistributors.com/,https://www.pieric-rick-dela-croix.com/tag/eva-longoria/,www.aresdistributors.com,2021-06-27,2021-05-15,,,,,,,,4,0,18,0,,,,
http://aresdistributors.com/,https://www.pieric-rick-dela-croix.com/tag/ferrari/,www.aresdistributors.com,2021-06-27,2021-05-11,,,,,,,,4,0,18,0,,,,
http://aresdistributors.com/,https://www.pieric-rick-dela-croix.com/tag/gala/,www.aresdistributors.com,2021-06-07,2020-12-29,,,,,,,,8,0,18,0,,,,
http://aresdistributors.com/,https://www.pieric-rick-dela-croix.com/tag/harley-davidson/,www.aresdistributors.com,2021-05-23,2020-12-28,,,,,,,,15,0,18,0,,,,
http://aresdistributors.com/,https://www.pieric-rick-dela-croix.com/tag/haute-100/,www.aresdistributors.com,2021-06-05,2021-05-10,,,,,,,,5,0,18,0,,,,
http://aresdistributors.com/,http://www.pieric-rick-dela-croix.com/tag/haute-living-magazine/,www.aresdistributors.com,2021-05-15,2020-12-01,,,,,,,,4,0,18,0,,,,
http://aresdistributors.com/,https://www.pieric-rick-dela-croix.com/tag/haute-living-magazine/,www.aresdistributors.com,2021-05-10,2021-05-10,,,,,,,,8,0,18,0,,,,
http://aresdistributors.com/,https://www.pieric-rick-dela-croix.com/tag/hublot/,www.aresdistributors.com,2021-06-27,2021-05-10,,,,,,,,8,0,18,0,,,,
http://aresdistributors.com/,https://www.pieric-rick-dela-croix.com/tag/hublot-miami/,www.aresdistributors.com,2021-06-27,2021-05-10,,,,,,,,8,0,18,0,,,,
http://aresdistributors.com/,http://www.pieric-rick-dela-croix.com/tag/hublot-miami/page/2/,www.aresdistributors.com,2021-05-15,2020-12-01,,,,,,,,2,0,18,0,,,,
http://aresdistributors.com/,https://www.pieric-rick-dela-croix.com/tag/hublot-miami/page/2/,www.aresdistributors.com,2021-05-10,2021-05-10,,,,,,,,4,0,18,0,,,,
http://aresdistributors.com/,http://www.pieric-rick-dela-croix.com/tag/hublot-watches/,www.aresdistributors.com,2021-05-24,2020-12-15,,,,,,,,5,0,18,0,,,,
http://aresdistributors.com/,https://www.pieric-rick-dela-croix.com/tag/hublot-watches/,www.aresdistributors.com,2021-05-10,2021-05-10,,,,,,,,10,0,18,0,,,,
http://aresdistributors.com/,http://www.pieric-rick-dela-croix.com/tag/hublot-watches/page/2/,www.aresdistributors.com,2021-05-11,2021-05-11,,,,,,,,3,0,18,0,,,,
http://aresdistributors.com/,https://www.pieric-rick-dela-croix.com/tag/hublot-watches/page/2/,www.aresdistributors.com,2021-05-10,2021-05-10,,,,,,,,5,0,18,0,,,,
http://aresdistributors.com/,https://www.pieric-rick-dela-croix.com/tag/india/,www.aresdistributors.com,2021-06-25,2021-05-11,,,,,,,,9,0,18,0,,,,
http://aresdistributors.com/,https://www.pieric-rick-dela-croix.com/tag/interview/,www.aresdistributors.com,2021-06-07,2020-12-29,,,,,,,,9,0,18,0,,,,
http://aresdistributors.com/,https://www.pieric-rick-dela-croix.com/tag/japan/,www.aresdistributors.com,2021-06-26,2021-02-23,,,,,,,,15,0,18,0,,,,
http://aresdistributors.com/,https://www.pieric-rick-dela-croix.com/tag/kuwait/,www.aresdistributors.com,2021-06-07,2020-12-29,,,,,,,,9,0,18,0,,,,
http://aresdistributors.com/,https://www.pieric-rick-dela-croix.com/tag/lifestyle/,www.aresdistributors.com,2021-05-24,2020-12-28,,,,,,,,15,0,18,0,,,,
http://aresdistributors.com/,http://www.pieric-rick-dela-croix.com/tag/luxury/,www.aresdistributors.com,2021-05-24,2020-12-15,,,,,,,,5,0,18,0,,,,
http://aresdistributors.com/,https://www.pieric-rick-dela-croix.com/tag/luxury/,www.aresdistributors.com,2021-05-10,2021-05-10,,,,,,,,10,0,18,0,,,,
http://aresdistributors.com/,https://www.pieric-rick-dela-croix.com/tag/miami/,www.aresdistributors.com,2021-06-27,2021-05-10,,,,,,,,9,0,18,0,,,,
http://aresdistributors.com/,https://www.pieric-rick-dela-croix.com/tag/miami-heat-basketball/,www.aresdistributors.com,2021-06-27,2021-05-10,,,,,,,,8,0,18,0,,,,
http://aresdistributors.com/,https://www.pieric-rick-dela-croix.com/tag/mourning-family-foundation/,www.aresdistributors.com,2021-06-27,2021-05-10,,,,,,,,8,0,18,0,,,,
http://aresdistributors.com/,https://www.pieric-rick-dela-croix.com/tag/mr-brainwash/,www.aresdistributors.com,2021-06-07,2020-12-29,,,,,,,,4,0,18,0,,,,
http://aresdistributors.com/,https://www.pieric-rick-dela-croix.com/tag/nicky-jam/,www.aresdistributors.com,2021-06-07,2020-12-29,,,,,,,,10,0,18,0,,,,
http://aresdistributors.com/,https://www.pieric-rick-dela-croix.com/tag/norris-cole/,www.aresdistributors.com,2021-06-27,2021-05-11,,,,,,,,4,0,18,0,,,,
http://aresdistributors.com/,https://www.pieric-rick-dela-croix.com/tag/official-launch/,www.aresdistributors.com,2021-06-07,2020-12-29,,,,,,,,9,0,18,0,,,,
http://aresdistributors.com/,http://www.pieric-rick-dela-croix.com/tag/party/,www.aresdistributors.com,2021-04-23,2021-02-02,,,,,,,,5,0,18,0,,,,
http://aresdistributors.com/,https://www.pieric-rick-dela-croix.com/tag/party/,www.aresdistributors.com,2021-05-14,2021-05-14,,,,,,,,10,0,18,0,,,,
http://aresdistributors.com/,https://www.pieric-rick-dela-croix.com/tag/pele/,www.aresdistributors.com,2021-06-05,2021-05-10,,,,,,,,8,0,18,0,,,,
http://aresdistributors.com/,https://www.pieric-rick-dela-croix.com/tag/pieric-de-la-croix/,www.aresdistributors.com,2021-07-04,2021-02-23,,,,,,,,15,0,18,0,,,,
http://aresdistributors.com/,https://www.pieric-rick-dela-croix.com/tag/pieric-de-la-croix/page/2/,www.aresdistributors.com,2021-06-27,2021-05-24,,,,,,,,8,0,18,0,,,,
http://aresdistributors.com/,https://www.pieric-rick-dela-croix.com/tag/ray-allen/,www.aresdistributors.com,2021-06-05,2021-05-10,,,,,,,,5,0,18,0,,,,
http://aresdistributors.com/,http://www.pieric-rick-dela-croix.com/tag/rick-de-la-croix/,www.aresdistributors.com,2021-05-24,2020-12-15,,,,,,,,8,0,18,0,,,,
http://aresdistributors.com/,https://www.pieric-rick-dela-croix.com/tag/rick-de-la-croix/,www.aresdistributors.com,2021-05-24,2021-02-23,,,,,,,,15,0,18,0,,,,
http://aresdistributors.com/,https://www.pieric-rick-dela-croix.com/tag/rick-de-la-croix/page/2/,www.aresdistributors.com,2021-06-27,2021-05-24,,,,,,,,8,0,18,0,,,,
http://aresdistributors.com/,https://www.pieric-rick-dela-croix.com/tag/rick-de-la-croix/page/3/,www.aresdistributors.com,2021-06-27,2021-05-24,,,,,,,,4,0,18,0,,,,
http://aresdistributors.com/,https://www.pieric-rick-dela-croix.com/tag/russell-simmons/,www.aresdistributors.com,2021-06-07,2020-12-29,,,,,,,,4,0,18,0,,,,
http://aresdistributors.com/,https://www.pieric-rick-dela-croix.com/tag/swiss-beats/,www.aresdistributors.com,2021-06-07,2020-12-29,,,,,,,,4,0,18,0,,,,
http://aresdistributors.com/,https://www.pieric-rick-dela-croix.com/tag/timepieces/,www.aresdistributors.com,2021-06-07,2020-12-29,,,,,,,,10,0,18,0,,,,
http://aresdistributors.com/,https://www.pieric-rick-dela-croix.com/tag/tom-brady/,www.aresdistributors.com,2021-06-07,2020-12-29,,,,,,,,5,0,18,0,,,,
http://aresdistributors.com/,https://www.pieric-rick-dela-croix.com/tag/udonis-haslem/,www.aresdistributors.com,2021-06-27,2021-05-11,,,,,,,,4,0,18,0,,,,
http://aresdistributors.com/,https://www.pieric-rick-dela-croix.com/tag/watches/,www.aresdistributors.com,2021-05-23,2020-12-28,,,,,,,,15,0,18,0,,,,
http://aresdistributors.com/,https://www.pieric-rick-dela-croix.com/tag/women/,www.aresdistributors.com,2021-05-28,2021-05-11,,,,,,,,8,0,18,0,,,,
http://aresdistributors.com/,https://www.pieric-rick-dela-croix.com/tag/world-cup-2014/,www.aresdistributors.com,2021-06-05,2021-05-10,,,,,,,,8,0,18,0,,,,
http://aresdistributors.com/,https://www.pieric-rick-dela-croix.com/video-haute-living-hublot-celebrate-art-fusion-star-island/,www.aresdistributors.com,2021-05-28,2021-02-23,,,,,,,,17,0,18,0,,,,
http://aresdistributors.com/,https://www.mourningfamilyfoundation.org/sponsors/,,2021-03-16,2020-12-26,,+,,,,,,16,13,18,0,Recreation/Travel,13,Recreation/Travel,14
https://aresdistributors.com/,https://www.pieric-rick-dela-croix.com/about/,ares distributors,2021-06-13,2021-02-23,,,,,,,,17,0,25,0,,,,
https://aresdistributors.com/,https://loginfinder.co.uk/d-logins/distributor-login-watches.html,ares distributors  president rick de la croix,2021-07-04,2021-01-14,+,,,,,,,2,0,25,0,,,,
http://aresdistributors.com/attila/,http://cdmxtravel.com/en/attractions/attila.html,,2021-06-24,2021-01-15,,,,,,,,4,0,16,0,,,Recreation/Travel,26
http://aresdistributors.com/attila/,http://cdmxtravel.com/es/lugares/attila.html,,2021-07-03,2021-01-22,,,,,,,,4,0,16,0,,,Recreation/Travel,26
http://aresdistributors.com/attila/,http://cdmxtravel.com/fr/lieux/attila.html,,2021-07-08,2021-01-29,,,,,,,,3,0,16,0,,,Recreation/Travel,26
http://aresdistributors.com/attila/,https://www.themarkethink.com/lanzamiento-de-productos/gucci-presenta-nuevas-colecciones-de-joyeria-y-relojeria-en-exclusiva-para-liverpool/,attila distribution group,2021-05-20,2020-12-19,,,,,,,,6,0,16,0,,,Business/Marketing and Advertising,10
http://aresdistributors.com/attila/brand/graham-graham/,https://graham1695.com/a/service-center,www.aresdistributors.com,2021-06-27,2021-04-17,,,,,,,,27,8,15,0,Shopping/Jewelry,7,Shopping,12
http://aresdistributors.com/attila/brand/graham-graham/,https://graham1695.com/pages/retailer_service_mex,www.aresdistributors.com,2021-06-27,2021-04-26,,,,,,,,0,0,15,0,,,Shopping,12
https://aresdistributors.com/attila/rick-de-la-croix/,https://www.logospng.com/topic/attila,aresdistributors.com,2021-05-25,2021-05-25,,,,,,,,6,3,15,0,Business/Human Resources,3,Business/Human Resources,11
https://aresdistributors.com/attila/rick-de-la-croix/,https://www.logospng.com/topic/attila,aresdistributors.com,2021-05-25,2021-05-25,+,,,,,,,6,3,15,0,Business/Human Resources,3,Business/Human Resources,11
https://aresdistributors.com/attila/rick-de-la-croix/,https://www.logospng.com/topic/attila-band,aresdistributors.com,2021-05-27,2021-05-27,,,,,,,,6,2,15,0,Business/Human Resources,2,Business/Human Resources,11
https://aresdistributors.com/attila/rick-de-la-croix/,https://www.logospng.com/topic/attila-band,aresdistributors.com,2021-05-27,2021-05-27,+,,,,,,,6,2,15,0,Business/Human Resources,2,Business/Human Resources,11
https://aresdistributors.com/attila/rick-de-la-croix/,https://www.logospng.com/topic/attila-band-logo,aresdistributors.com,2021-05-12,2021-05-12,,,,,,,,0,0,15,0,,,Business/Human Resources,11
https://aresdistributors.com/attila/rick-de-la-croix/,https://www.logospng.com/topic/attila-band-logo,aresdistributors.com,2021-05-12,2021-05-12,+,,,,,,,0,0,15,0,,,Business/Human Resources,11
https://aresdistributors.com/attila/rick-de-la-croix/,https://www.logospng.com/topic/attila-villain-logo,aresdistributors.com,2021-05-12,2021-05-12,,,,,,,,0,0,15,0,,,Business/Human Resources,11
https://aresdistributors.com/attila/rick-de-la-croix/,https://www.logospng.com/topic/attila-villain-logo,aresdistributors.com,2021-05-12,2021-05-12,+,,,,,,,0,0,15,0,,,Business/Human Resources,11
https://aresdistributors.com/attila/wp-content/uploads/sites/3/sites/3/2016/10/logo-attila.png,https://www.logospng.com/topic/attila,,2021-05-25,2021-05-25,,+,,,,,,6,3,3,1,Business/Human Resources,3,Business/Human Resources,11
https://aresdistributors.com/attila/wp-content/uploads/sites/3/sites/3/2016/10/logo-attila.png,https://www.logospng.com/topic/attila-band,,2021-05-27,2021-05-27,,+,,,,,,6,2,3,1,Business/Human Resources,2,Business/Human Resources,11
https://aresdistributors.com/attila/wp-content/uploads/sites/3/sites/3/2016/10/logo-attila.png,https://www.logospng.com/topic/attila-band-logo,,2021-05-12,2021-05-12,,+,,,,,,0,0,3,1,,,Business/Human Resources,11
https://aresdistributors.com/attila/wp-content/uploads/sites/3/sites/3/2016/10/logo-attila.png,https://www.logospng.com/topic/attila-villain-logo,,2021-05-12,2021-05-12,,+,,,,,,0,0,3,1,,,Business/Human Resources,11
https://aresdistributors.com/bomberg-rick-delacroix-1000-units-sold-colombia-five-years/,https://www.pieric-rick-dela-croix.com/,here,2021-07-07,2020-11-22,,,,,,,,25,0,16,0,,,,
https://aresdistributors.com/bomberg-rick-delacroix-1000-units-sold-colombia-five-years/,https://www.pieric-rick-dela-croix.com/439-2/,here,2021-05-28,2021-02-23,,,,,,,,17,0,16,0,,,,
https://aresdistributors.com/bomberg-rick-delacroix-1000-units-sold-colombia-five-years/,https://www.pieric-rick-dela-croix.com/author/admin/,here,2021-06-26,2021-02-23,,,,,,,,16,0,16,0,,,,
https://aresdistributors.com/bomberg-rick-delacroix-1000-units-sold-colombia-five-years/,https://www.pieric-rick-dela-croix.com/category/bomberg/,here,2021-06-25,2021-02-23,,,,,,,,15,0,16,0,,,,
https://aresdistributors.com/bomberg-rick-delacroix-1000-units-sold-colombia-five-years/,https://www.pieric-rick-dela-croix.com/category/lifestyle/,here,2021-06-26,2021-02-23,,,,,,,,16,0,16,0,,,,
https://aresdistributors.com/bomberg-rick-delacroix-1000-units-sold-colombia-five-years/,https://www.pieric-rick-dela-croix.com/category/pieric-rick-de-la-croix/,here,2021-05-24,2021-02-23,,,,,,,,16,0,16,0,,,,
https://aresdistributors.com/bomberg-rick-delacroix-1000-units-sold-colombia-five-years/,https://www.pieric-rick-dela-croix.com/category/rick-de-la-croix/,here,2021-06-25,2021-02-23,,,,,,,,16,0,16,0,,,,
https://aresdistributors.com/bomberg-rick-delacroix-1000-units-sold-colombia-five-years/,https://www.pieric-rick-dela-croix.com/category/uncategorized/,here,2021-05-28,2021-02-23,,,,,,,,15,0,16,0,,,,
https://aresdistributors.com/boxing-champion-ggg-gennady-gennadyevich-golovkin-hublots-new-brand-ambassador/,https://www.logospng.com/topic/ggg,aresdistributors.com,2021-05-19,2021-05-19,,,,,,,,6,3,14,0,Business/Human Resources,3,Business/Human Resources,11
https://aresdistributors.com/boxing-champion-ggg-gennady-gennadyevich-golovkin-hublots-new-brand-ambassador/,https://www.logospng.com/topic/ggg,aresdistributors.com,2021-05-19,2021-05-19,+,,,,,,,6,3,14,0,Business/Human Resources,3,Business/Human Resources,11
https://aresdistributors.com/brand/bomberg/,https://www.pieric-rick-dela-croix.com/,bomberg,2021-07-07,2020-11-22,,,,,,,,25,0,23,0,,,,
https://aresdistributors.com/brand/bomberg/,https://www.pieric-rick-dela-croix.com/author/admin/,bomberg,2021-06-26,2021-02-23,,,,,,,,16,0,23,0,,,,
https://aresdistributors.com/brand/bomberg/,https://www.pieric-rick-dela-croix.com/category/art/,bomberg,2021-06-25,2021-02-23,,,,,,,,16,0,23,0,,,,
https://aresdistributors.com/brand/bomberg/,https://www.pieric-rick-dela-croix.com/category/bomberg/,bomberg,2021-06-25,2021-02-23,,,,,,,,15,0,23,0,,,,
https://aresdistributors.com/brand/bomberg/,https://www.pieric-rick-dela-croix.com/category/fashion/,bomberg,2021-06-25,2021-02-23,,,,,,,,16,0,23,0,,,,
https://aresdistributors.com/brand/bomberg/,https://www.pieric-rick-dela-croix.com/category/lifestyle/,bomberg,2021-06-26,2021-02-23,,,,,,,,16,0,23,0,,,,
https://aresdistributors.com/brand/bomberg/,https://www.pieric-rick-dela-croix.com/category/news/,bomberg,2021-05-23,2020-12-28,,,,,,,,16,0,23,0,,,,
https://aresdistributors.com/brand/bomberg/,https://www.pieric-rick-dela-croix.com/category/pieric-rick-de-la-croix/,bomberg,2021-05-24,2021-02-23,,,,,,,,16,0,23,0,,,,
https://aresdistributors.com/brand/bomberg/,https://www.pieric-rick-dela-croix.com/category/rick-de-la-croix/,bomberg,2021-06-25,2021-02-23,,,,,,,,16,0,23,0,,,,
https://aresdistributors.com/brand/bomberg/,http://www.pieric-rick-dela-croix.com/rick-de-la-croix-bomberg-present-leadersnot-followers/,bomberg,2021-05-24,2020-12-15,,,,,,,,9,0,23,0,,,,
https://aresdistributors.com/brand/bomberg/,https://www.pieric-rick-dela-croix.com/rick-de-la-croix-bomberg-present-leadersnot-followers/,bomberg,2021-05-24,2021-02-23,,,,,,,,17,0,23,0,,,,
http://aresdistributors.com/chat-rick-de-la-croix-proud-different/,http://www.pieric-rick-dela-croix.com/author/admin/page/2/,here,2021-05-24,2021-05-24,,,,,,,,4,0,14,0,,,,
http://aresdistributors.com/chat-rick-de-la-croix-proud-different/,https://www.pieric-rick-dela-croix.com/author/admin/page/2/,here,2021-05-24,2021-05-24,,,,,,,,8,0,14,0,,,,
http://aresdistributors.com/chat-rick-de-la-croix-proud-different/,http://www.pieric-rick-dela-croix.com/category/art/page/2/,here,2021-05-24,2021-05-24,,,,,,,,4,0,14,0,,,,
http://aresdistributors.com/chat-rick-de-la-croix-proud-different/,https://www.pieric-rick-dela-croix.com/category/art/page/2/,here,2021-05-24,2021-05-24,,,,,,,,8,0,14,0,,,,
http://aresdistributors.com/chat-rick-de-la-croix-proud-different/,http://www.pieric-rick-dela-croix.com/category/lifestyle/page/2/,here,2021-05-24,2021-05-24,,,,,,,,4,0,14,0,,,,
http://aresdistributors.com/chat-rick-de-la-croix-proud-different/,https://www.pieric-rick-dela-croix.com/category/lifestyle/page/2/,here,2021-05-24,2021-05-24,,,,,,,,8,0,14,0,,,,
http://aresdistributors.com/chat-rick-de-la-croix-proud-different/,https://www.pieric-rick-dela-croix.com/category/pieric-rick-de-la-croix/page/2/,here,2021-06-05,2021-05-16,,,,,,,,8,0,14,0,,,,
http://aresdistributors.com/chat-rick-de-la-croix-proud-different/,https://www.pieric-rick-dela-croix.com/category/uncategorized/,here,2021-05-28,2021-02-23,,,,,,,,15,0,14,0,,,,
http://aresdistributors.com/chat-rick-de-la-croix-proud-different/,https://www.pieric-rick-dela-croix.com/chat-rick-de-la-croix-proud-different/,here,2021-06-27,2021-01-18,,,,,,,,9,0,14,0,,,,
http://aresdistributors.com/chat-rick-de-la-croix-proud-different/,https://www.pieric-rick-dela-croix.com/page/2/,here,2021-05-23,2020-12-28,,,,,,,,11,0,14,0,,,,
http://aresdistributors.com/chat-rick-de-la-croix-proud-different/,https://www.pieric-rick-dela-croix.com/tag/bomberg/,here,2021-05-23,2020-12-28,,,,,,,,15,0,14,0,,,,
http://aresdistributors.com/chat-rick-de-la-croix-proud-different/,http://www.pieric-rick-dela-croix.com/tag/hublot-watches/,here,2021-05-24,2020-12-15,,,,,,,,5,0,14,0,,,,
http://aresdistributors.com/chat-rick-de-la-croix-proud-different/,https://www.pieric-rick-dela-croix.com/tag/hublot-watches/,here,2021-05-10,2021-05-10,,,,,,,,10,0,14,0,,,,
http://aresdistributors.com/chat-rick-de-la-croix-proud-different/,http://www.pieric-rick-dela-croix.com/tag/luxury/,here,2021-05-24,2020-12-15,,,,,,,,5,0,14,0,,,,
http://aresdistributors.com/chat-rick-de-la-croix-proud-different/,https://www.pieric-rick-dela-croix.com/tag/luxury/,here,2021-05-10,2021-05-10,,,,,,,,10,0,14,0,,,,
http://aresdistributors.com/chat-rick-de-la-croix-proud-different/,http://www.pieric-rick-dela-croix.com/tag/rick-de-la-croix/,here,2021-05-24,2020-12-15,,,,,,,,8,0,14,0,,,,
http://aresdistributors.com/chat-rick-de-la-croix-proud-different/,https://www.pieric-rick-dela-croix.com/tag/rick-de-la-croix/,here,2021-05-24,2021-02-23,,,,,,,,15,0,14,0,,,,
https://aresdistributors.com/es/brand/bovet/,https://www.logospng.com/topic/bouvet-logo,aresdistributors.com,2021-06-02,2021-03-14,,,,,,,,0,0,17,0,,,Business/Human Resources,11
https://aresdistributors.com/es/brand/bovet/,https://www.logospng.com/topic/bouvet-logo,aresdistributors.com,2021-06-02,2021-03-14,+,,,,,,,0,0,17,0,,,Business/Human Resources,11
https://aresdistributors.com/history-of-graham/,https://engine.presearch.org/search?q=George Graham (clockmaker)&page=8,the history of graham - ares,2021-04-27,2021-04-27,,,,,,,,0,0,0,0,,,Recreation/Travel,21
https://aresdistributors.com/history-of-graham/,https://engine.presearch.org/search?q=George Graham (clockmaker)&page=8,https://aresdistributors.com/history-of-graham/,2021-04-27,2021-04-27,,,,,,,,0,0,0,0,,,Recreation/Travel,21
https://aresdistributors.com/history-of-graham/,https://engine.presearch.org/search?q=George Graham (clockmaker)&page=9,the history of graham - ares,2021-04-25,2021-02-04,,,,,,,,0,0,0,0,,,Recreation/Travel,21
https://aresdistributors.com/history-of-graham/,https://engine.presearch.org/search?q=George Graham (clockmaker)&page=9,https://aresdistributors.com/history-of-graham/,2021-04-25,2021-02-04,,,,,,,,0,0,0,0,,,Recreation/Travel,21
https://aresdistributors.com/hublot-official-timekeeper-soccer-aid-match/,https://www.searchots.com/s-soccer-aid-2020-teams.html,» hublot  official timekeeper of the soccer aid match,2021-05-17,2021-02-08,+,,,,,,,0,0,14,0,,,,
https://aresdistributors.com/pieric-rick-de-la-croixs-social-sites/,https://www.pieric-rick-dela-croix.com/,pieric “rick” de la croix,2021-07-07,2020-11-22,,,,,,,,25,0,23,0,,,,
https://aresdistributors.com/pieric-rick-de-la-croixs-social-sites/,https://www.pieric-rick-dela-croix.com/author/admin/,pieric “rick” de la croix,2021-06-26,2021-02-23,,,,,,,,16,0,23,0,,,,
https://aresdistributors.com/pieric-rick-de-la-croixs-social-sites/,https://www.pieric-rick-dela-croix.com/category/bomberg/,pieric “rick” de la croix,2021-06-25,2021-02-23,,,,,,,,15,0,23,0,,,,
https://aresdistributors.com/pieric-rick-de-la-croixs-social-sites/,https://www.pieric-rick-dela-croix.com/category/lifestyle/,pieric “rick” de la croix,2021-06-26,2021-02-23,,,,,,,,16,0,23,0,,,,
https://aresdistributors.com/pieric-rick-de-la-croixs-social-sites/,https://www.pieric-rick-dela-croix.com/category/news/,pieric “rick” de la croix,2021-05-23,2020-12-28,,,,,,,,16,0,23,0,,,,
https://aresdistributors.com/pieric-rick-de-la-croixs-social-sites/,https://www.pieric-rick-dela-croix.com/category/pieric-rick-de-la-croix/,pieric “rick” de la croix,2021-05-24,2021-02-23,,,,,,,,16,0,23,0,,,,
https://aresdistributors.com/pieric-rick-de-la-croixs-social-sites/,https://www.pieric-rick-dela-croix.com/category/rick-de-la-croix/,pieric “rick” de la croix,2021-06-25,2021-02-23,,,,,,,,16,0,23,0,,,,
https://aresdistributors.com/pieric-rick-de-la-croixs-social-sites/,https://www.pieric-rick-dela-croix.com/category/uncategorized/,pieric “rick” de la croix,2021-05-28,2021-02-23,,,,,,,,15,0,23,0,,,,
https://aresdistributors.com/pieric-rick-de-la-croixs-social-sites/,https://www.pieric-rick-dela-croix.com/discover-bomberg-rick-de-la-croix-watch-brand-everything/,pieric “rick” de la croix,2021-06-26,2021-02-23,,,,,,,,15,0,23,0,,,,
https://aresdistributors.com/pieric-rick-de-la-croixs-social-sites/,https://www.pieric-rick-dela-croix.com/tag/bomberg/,pieric “rick” de la croix,2021-05-23,2020-12-28,,,,,,,,15,0,23,0,,,,
https://aresdistributors.com/pieric-rick-de-la-croixs-social-sites/,http://www.pieric-rick-dela-croix.com/tag/rick-de-la-croix/,pieric “rick” de la croix,2021-05-24,2020-12-15,,,,,,,,8,0,23,0,,,,
https://aresdistributors.com/pieric-rick-de-la-croixs-social-sites/,https://www.pieric-rick-dela-croix.com/tag/rick-de-la-croix/,pieric “rick” de la croix,2021-05-24,2021-02-23,,,,,,,,15,0,23,0,,,,
http://aresdistributors.com/rick-de-la-croix/,https://www.pieric-rick-dela-croix.com/,rick de la croix,2021-07-07,2020-11-22,,,,,,,,25,0,17,0,,,,
http://aresdistributors.com/rick-de-la-croix/,https://www.pieric-rick-dela-croix.com/,rick de la croix,2021-07-07,2020-11-22,,,,,,,,25,0,17,0,,,,
http://aresdistributors.com/rick-de-la-croix/,https://www.pieric-rick-dela-croix.com/381-2/,rick de la croix,2021-06-11,2021-02-23,,,,,,,,15,0,17,0,,,,
http://aresdistributors.com/rick-de-la-croix/,https://www.pieric-rick-dela-croix.com/420-2/,rick de la croix,2021-06-26,2021-02-23,,,,,,,,15,0,17,0,,,,
http://aresdistributors.com/rick-de-la-croix/,https://www.pieric-rick-dela-croix.com/author/admin/,rick de la croix,2021-06-26,2021-02-23,,,,,,,,16,0,17,0,,,,
http://aresdistributors.com/rick-de-la-croix/,https://www.pieric-rick-dela-croix.com/author/admin/,rick de la croix,2021-06-26,2021-02-23,,,,,,,,16,0,17,0,,,,
http://aresdistributors.com/rick-de-la-croix/,http://www.pieric-rick-dela-croix.com/author/admin/page/2/,rick de la croix,2021-05-24,2021-05-24,,,,,,,,4,0,17,0,,,,
http://aresdistributors.com/rick-de-la-croix/,https://www.pieric-rick-dela-croix.com/author/admin/page/2/,rick de la croix,2021-05-24,2021-05-24,,,,,,,,8,0,17,0,,,,
http://aresdistributors.com/rick-de-la-croix/,https://www.pieric-rick-dela-croix.com/author/admin/page/3/,ares distributors,2021-06-07,2021-05-24,,,,,,,,4,0,17,0,,,,
http://aresdistributors.com/rick-de-la-croix/,https://www.pieric-rick-dela-croix.com/category/art/,rick de la croix,2021-06-25,2021-02-23,,,,,,,,16,0,17,0,,,,
http://aresdistributors.com/rick-de-la-croix/,https://www.pieric-rick-dela-croix.com/category/art/,rick de la croix,2021-06-25,2021-02-23,,,,,,,,16,0,17,0,,,,
http://aresdistributors.com/rick-de-la-croix/,https://www.pieric-rick-dela-croix.com/category/bomberg/,rick de la croix,2021-06-25,2021-02-23,,,,,,,,15,0,17,0,,,,
http://aresdistributors.com/rick-de-la-croix/,https://www.pieric-rick-dela-croix.com/category/bomberg/,rick de la croix,2021-06-25,2021-02-23,,,,,,,,15,0,17,0,,,,
http://aresdistributors.com/rick-de-la-croix/,https://www.pieric-rick-dela-croix.com/category/fashion/,rick de la croix,2021-06-25,2021-02-23,,,,,,,,16,0,17,0,,,,
http://aresdistributors.com/rick-de-la-croix/,https://www.pieric-rick-dela-croix.com/category/fashion/,rick de la croix,2021-06-25,2021-02-23,,,,,,,,16,0,17,0,,,,
http://aresdistributors.com/rick-de-la-croix/,http://www.pieric-rick-dela-croix.com/category/fashion/page/2/,rick de la croix,2021-05-05,2020-11-26,,,,,,,,4,0,17,0,,,,
http://aresdistributors.com/rick-de-la-croix/,https://www.pieric-rick-dela-croix.com/category/fashion/page/2/,rick de la croix,2021-05-24,2021-05-24,,,,,,,,8,0,17,0,,,,
http://aresdistributors.com/rick-de-la-croix/,https://www.pieric-rick-dela-croix.com/category/lifestyle/,rick de la croix,2021-06-26,2021-02-23,,,,,,,,16,0,17,0,,,,
http://aresdistributors.com/rick-de-la-croix/,https://www.pieric-rick-dela-croix.com/category/lifestyle/,rick de la croix,2021-06-26,2021-02-23,,,,,,,,16,0,17,0,,,,
http://aresdistributors.com/rick-de-la-croix/,http://www.pieric-rick-dela-croix.com/category/lifestyle/page/2/,rick de la croix,2021-05-24,2021-05-24,,,,,,,,4,0,17,0,,,,
http://aresdistributors.com/rick-de-la-croix/,https://www.pieric-rick-dela-croix.com/category/lifestyle/page/2/,rick de la croix,2021-05-24,2021-05-24,,,,,,,,8,0,17,0,,,,
http://aresdistributors.com/rick-de-la-croix/,https://www.pieric-rick-dela-croix.com/category/news/,rick de la croix,2021-05-23,2020-12-28,,,,,,,,16,0,17,0,,,,
http://aresdistributors.com/rick-de-la-croix/,https://www.pieric-rick-dela-croix.com/category/news/,rick de la croix,2021-05-23,2020-12-28,,,,,,,,16,0,17,0,,,,
http://aresdistributors.com/rick-de-la-croix/,https://www.pieric-rick-dela-croix.com/category/news/page/2/,rick de la croix,2021-06-07,2020-12-29,,,,,,,,8,0,17,0,,,,
http://aresdistributors.com/rick-de-la-croix/,https://www.pieric-rick-dela-croix.com/category/news/page/3/,ares distributors,2021-06-07,2020-12-29,,,,,,,,4,0,17,0,,,,
http://aresdistributors.com/rick-de-la-croix/,https://www.pieric-rick-dela-croix.com/category/pieric-rick-de-la-croix/,rick de la croix,2021-05-24,2021-02-23,,,,,,,,16,0,17,0,,,,
http://aresdistributors.com/rick-de-la-croix/,https://www.pieric-rick-dela-croix.com/category/pieric-rick-de-la-croix/,rick de la croix,2021-05-24,2021-02-23,,,,,,,,16,0,17,0,,,,
http://aresdistributors.com/rick-de-la-croix/,https://www.pieric-rick-dela-croix.com/category/pieric-rick-de-la-croix/page/2/,rick de la croix,2021-06-05,2021-05-16,,,,,,,,8,0,17,0,,,,
http://aresdistributors.com/rick-de-la-croix/,https://www.pieric-rick-dela-croix.com/category/pieric-rick-de-la-croix/page/3/,ares distributors,2021-06-23,2021-05-16,,,,,,,,4,0,17,0,,,,
http://aresdistributors.com/rick-de-la-croix/,https://www.pieric-rick-dela-croix.com/category/rick-de-la-croix/,rick de la croix,2021-06-25,2021-02-23,,,,,,,,16,0,17,0,,,,
http://aresdistributors.com/rick-de-la-croix/,https://www.pieric-rick-dela-croix.com/category/rick-de-la-croix/,rick de la croix,2021-06-25,2021-02-23,,,,,,,,16,0,17,0,,,,
http://aresdistributors.com/rick-de-la-croix/,https://www.pieric-rick-dela-croix.com/category/uncategorized/,rick de la croix,2021-05-28,2021-02-23,,,,,,,,15,0,17,0,,,,
http://aresdistributors.com/rick-de-la-croix/,https://www.pieric-rick-dela-croix.com/category/uncategorized/,rick de la croix,2021-05-28,2021-02-23,,,,,,,,15,0,17,0,,,,
http://aresdistributors.com/rick-de-la-croix/,https://www.pieric-rick-dela-croix.com/category/uncategorized/page/2/,ares distributors,2021-06-26,2021-05-24,,,,,,,,8,0,17,0,,,,
http://aresdistributors.com/rick-de-la-croix/,https://www.pieric-rick-dela-croix.com/master-of-marketing-luxury-watches/,ares distributors,2021-06-05,2021-05-11,,,,,,,,5,0,17,0,,,,
http://aresdistributors.com/rick-de-la-croix/,https://www.pieric-rick-dela-croix.com/not-followers-ordinary-rick-de-la-croix/,rick de la croix,2021-06-26,2021-02-23,,,,,,,,15,0,17,0,,,,
http://aresdistributors.com/rick-de-la-croix/,https://www.pieric-rick-dela-croix.com/page/2/,rick de la croix,2021-05-23,2020-12-28,,,,,,,,11,0,17,0,,,,
http://aresdistributors.com/rick-de-la-croix/,https://www.pieric-rick-dela-croix.com/page/3/,ares distributors,2021-06-07,2020-12-29,,,,,,,,7,0,17,0,,,,
http://aresdistributors.com/rick-de-la-croix/,https://www.pieric-rick-dela-croix.com/rick-de-la-croix-man-charge-bomberg-usa/,rick de la croix,2021-07-05,2021-02-23,,,,,,,,15,0,17,0,,,,
http://aresdistributors.com/rick-de-la-croix/,http://www.pieric-rick-dela-croix.com/skull-rider-collection-rick-de-la-croix-homage-luxury-speed/,rick de la croix,2021-05-24,2020-12-15,,,,,,,,0,0,17,0,,,,
http://aresdistributors.com/rick-de-la-croix/,https://www.pieric-rick-dela-croix.com/skull-rider-collection-rick-de-la-croix-homage-luxury-speed/,rick de la croix,2021-06-27,2021-01-18,,,,,,,,9,0,17,0,,,,
http://aresdistributors.com/rick-de-la-croix/,https://www.pieric-rick-dela-croix.com/tag/beating-the-odds/,rick de la croix,2021-06-25,2021-05-11,,,,,,,,9,0,17,0,,,,
http://aresdistributors.com/rick-de-la-croix/,https://www.pieric-rick-dela-croix.com/tag/bomberg/,rick de la croix,2021-05-23,2020-12-28,,,,,,,,15,0,17,0,,,,
http://aresdistributors.com/rick-de-la-croix/,https://www.pieric-rick-dela-croix.com/tag/bomberg/,rick de la croix,2021-05-23,2020-12-28,,,,,,,,15,0,17,0,,,,
http://aresdistributors.com/rick-de-la-croix/,https://www.pieric-rick-dela-croix.com/tag/harley-davidson/,rick de la croix,2021-05-23,2020-12-28,,,,,,,,15,0,17,0,,,,
http://aresdistributors.com/rick-de-la-croix/,https://www.pieric-rick-dela-croix.com/tag/japan/,rick de la croix,2021-06-26,2021-02-23,,,,,,,,15,0,17,0,,,,
http://aresdistributors.com/rick-de-la-croix/,https://www.pieric-rick-dela-croix.com/tag/lifestyle/,rick de la croix,2021-05-24,2020-12-28,,,,,,,,15,0,17,0,,,,
http://aresdistributors.com/rick-de-la-croix/,http://www.pieric-rick-dela-croix.com/tag/luxury/,rick de la croix,2021-05-24,2020-12-15,,,,,,,,5,0,17,0,,,,
http://aresdistributors.com/rick-de-la-croix/,https://www.pieric-rick-dela-croix.com/tag/luxury/,rick de la croix,2021-05-10,2021-05-10,,,,,,,,10,0,17,0,,,,
http://aresdistributors.com/rick-de-la-croix/,https://www.pieric-rick-dela-croix.com/tag/pieric-de-la-croix/,rick de la croix,2021-07-04,2021-02-23,,,,,,,,15,0,17,0,,,,
http://aresdistributors.com/rick-de-la-croix/,http://www.pieric-rick-dela-croix.com/tag/rick-de-la-croix/,rick de la croix,2021-05-24,2020-12-15,,,,,,,,8,0,17,0,,,,
http://aresdistributors.com/rick-de-la-croix/,http://www.pieric-rick-dela-croix.com/tag/rick-de-la-croix/,rick de la croix,2021-05-24,2020-12-15,,,,,,,,8,0,17,0,,,,
http://aresdistributors.com/rick-de-la-croix/,http://www.pieric-rick-dela-croix.com/tag/rick-de-la-croix/,rick de la croix,2021-05-24,2020-12-15,,,,,,,,8,0,17,0,,,,
http://aresdistributors.com/rick-de-la-croix/,https://www.pieric-rick-dela-croix.com/tag/rick-de-la-croix/,rick de la croix,2021-05-24,2021-02-23,,,,,,,,15,0,17,0,,,,
http://aresdistributors.com/rick-de-la-croix/,https://www.pieric-rick-dela-croix.com/tag/rick-de-la-croix/,rick de la croix,2021-05-24,2021-02-23,,,,,,,,15,0,17,0,,,,
http://aresdistributors.com/rick-de-la-croix/,https://www.pieric-rick-dela-croix.com/tag/rick-de-la-croix/,rick de la croix,2021-05-24,2021-02-23,,,,,,,,15,0,17,0,,,,
http://aresdistributors.com/rick-de-la-croix/,https://www.pieric-rick-dela-croix.com/tag/watches/,rick de la croix,2021-05-23,2020-12-28,,,,,,,,15,0,17,0,,,,
https://aresdistributors.com/rick-de-la-croix/,https://www.pieric-rick-dela-croix.com/,rick de la croix,2021-07-07,2020-11-22,,,,,,,,25,0,23,0,,,,
https://aresdistributors.com/rick-de-la-croix/,https://www.pieric-rick-dela-croix.com/,rick de la croix,2021-07-07,2020-11-22,,,,,,,,25,0,23,0,,,,
https://aresdistributors.com/rick-de-la-croix/,https://www.pieric-rick-dela-croix.com/439-2/,rick de la croix,2021-05-28,2021-02-23,,,,,,,,17,0,23,0,,,,
https://aresdistributors.com/rick-de-la-croix/,https://www.pieric-rick-dela-croix.com/author/admin/,rick de la croix,2021-06-26,2021-02-23,,,,,,,,16,0,23,0,,,,
https://aresdistributors.com/rick-de-la-croix/,https://www.pieric-rick-dela-croix.com/author/admin/,rick de la croix,2021-06-26,2021-02-23,,,,,,,,16,0,23,0,,,,
https://aresdistributors.com/rick-de-la-croix/,http://www.pieric-rick-dela-croix.com/author/admin/page/2/,rick de la croix,2021-05-24,2021-05-24,,,,,,,,4,0,23,0,,,,
https://aresdistributors.com/rick-de-la-croix/,https://www.pieric-rick-dela-croix.com/author/admin/page/2/,rick de la croix,2021-05-24,2021-05-24,,,,,,,,8,0,23,0,,,,
https://aresdistributors.com/rick-de-la-croix/,https://www.pieric-rick-dela-croix.com/bomberg-new-skull-rider-collection-rick-de-la-croix/,rick de la croix,2021-06-04,2021-05-14,,,,,,,,9,0,23,0,,,,
https://aresdistributors.com/rick-de-la-croix/,https://www.pieric-rick-dela-croix.com/category/art/,rick de la croix,2021-06-25,2021-02-23,,,,,,,,16,0,23,0,,,,
https://aresdistributors.com/rick-de-la-croix/,https://www.pieric-rick-dela-croix.com/category/art/,rick de la croix,2021-06-25,2021-02-23,,,,,,,,16,0,23,0,,,,
https://aresdistributors.com/rick-de-la-croix/,https://www.pieric-rick-dela-croix.com/category/bomberg/,rick de la croix,2021-06-25,2021-02-23,,,,,,,,15,0,23,0,,,,
https://aresdistributors.com/rick-de-la-croix/,https://www.pieric-rick-dela-croix.com/category/bomberg/,rick de la croix,2021-06-25,2021-02-23,,,,,,,,15,0,23,0,,,,
https://aresdistributors.com/rick-de-la-croix/,https://www.pieric-rick-dela-croix.com/category/fashion/,rick de la croix,2021-06-25,2021-02-23,,,,,,,,16,0,23,0,,,,
https://aresdistributors.com/rick-de-la-croix/,https://www.pieric-rick-dela-croix.com/category/lifestyle/,rick de la croix,2021-06-26,2021-02-23,,,,,,,,16,0,23,0,,,,
https://aresdistributors.com/rick-de-la-croix/,https://www.pieric-rick-dela-croix.com/category/lifestyle/,rick de la croix,2021-06-26,2021-02-23,,,,,,,,16,0,23,0,,,,
https://aresdistributors.com/rick-de-la-croix/,http://www.pieric-rick-dela-croix.com/category/lifestyle/page/2/,rick de la croix,2021-05-24,2021-05-24,,,,,,,,4,0,23,0,,,,
https://aresdistributors.com/rick-de-la-croix/,https://www.pieric-rick-dela-croix.com/category/lifestyle/page/2/,rick de la croix,2021-05-24,2021-05-24,,,,,,,,8,0,23,0,,,,
https://aresdistributors.com/rick-de-la-croix/,https://www.pieric-rick-dela-croix.com/category/news/,rick de la croix,2021-05-23,2020-12-28,,,,,,,,16,0,23,0,,,,
https://aresdistributors.com/rick-de-la-croix/,https://www.pieric-rick-dela-croix.com/category/news/,rick de la croix,2021-05-23,2020-12-28,,,,,,,,16,0,23,0,,,,
https://aresdistributors.com/rick-de-la-croix/,https://www.pieric-rick-dela-croix.com/category/pieric-rick-de-la-croix/,rick de la croix,2021-05-24,2021-02-23,,,,,,,,16,0,23,0,,,,
https://aresdistributors.com/rick-de-la-croix/,https://www.pieric-rick-dela-croix.com/category/pieric-rick-de-la-croix/,rick de la croix,2021-05-24,2021-02-23,,,,,,,,16,0,23,0,,,,
https://aresdistributors.com/rick-de-la-croix/,https://www.pieric-rick-dela-croix.com/category/pieric-rick-de-la-croix/page/2/,rick de la croix,2021-06-05,2021-05-16,,,,,,,,8,0,23,0,,,,
https://aresdistributors.com/rick-de-la-croix/,https://www.pieric-rick-dela-croix.com/category/rick-de-la-croix/,rick de la croix,2021-06-25,2021-02-23,,,,,,,,16,0,23,0,,,,
https://aresdistributors.com/rick-de-la-croix/,https://www.pieric-rick-dela-croix.com/category/rick-de-la-croix/,rick de la croix,2021-06-25,2021-02-23,,,,,,,,16,0,23,0,,,,
https://aresdistributors.com/rick-de-la-croix/,https://www.pieric-rick-dela-croix.com/category/uncategorized/,rick de la croix,2021-05-28,2021-02-23,,,,,,,,15,0,23,0,,,,
https://aresdistributors.com/rick-de-la-croix/,https://www.pieric-rick-dela-croix.com/future-hublot-watchmaking-ricardo-guadalupe-rick-de-la-croix/,rick de la croix,2021-07-08,2021-01-29,,,,,,,,17,0,23,0,,,,
https://aresdistributors.com/rick-de-la-croix/,http://www.pieric-rick-dela-croix.com/holiday-gift-ideas-bomberg-rick-de-la-croix/,rick de la croix,2021-05-24,2020-12-15,,,,,,,,9,0,23,0,,,,
https://aresdistributors.com/rick-de-la-croix/,https://www.pieric-rick-dela-croix.com/holiday-gift-ideas-bomberg-rick-de-la-croix/,rick de la croix,2021-05-24,2021-02-23,,,,,,,,17,0,23,0,,,,
https://aresdistributors.com/rick-de-la-croix/,http://www.pieric-rick-dela-croix.com/luxury-travel-tips-rick-de-la-croix-haute-living-magazine/,rick de la croix,2021-05-24,2021-03-05,,,,,,,,9,0,23,0,,,,
https://aresdistributors.com/rick-de-la-croix/,https://www.pieric-rick-dela-croix.com/luxury-travel-tips-rick-de-la-croix-haute-living-magazine/,rick de la croix,2021-05-23,2021-02-23,,,,,,,,17,0,23,0,,,,
https://aresdistributors.com/rick-de-la-croix/,https://www.pieric-rick-dela-croix.com/page/2/,rick de la croix,2021-05-23,2020-12-28,,,,,,,,11,0,23,0,,,,
https://aresdistributors.com/rick-de-la-croix/,http://www.pieric-rick-dela-croix.com/rick-de-la-croix-bomberg-present-leadersnot-followers/,rick de la croix,2021-05-24,2020-12-15,,,,,,,,9,0,23,0,,,,
https://aresdistributors.com/rick-de-la-croix/,https://www.pieric-rick-dela-croix.com/rick-de-la-croix-bomberg-present-leadersnot-followers/,rick de la croix,2021-05-24,2021-02-23,,,,,,,,17,0,23,0,,,,
https://aresdistributors.com/rick-de-la-croix/,https://www.pieric-rick-dela-croix.com/rick-de-la-croix-man-charge-bomberg-usa/,rick de la croix,2021-07-05,2021-02-23,,,,,,,,15,0,23,0,,,,
http://aresdistributors.com/rick-de-la-croix/],https://www.pieric-rick-dela-croix.com/,de la croix,2021-07-07,2020-11-22,,,,,,,,25,0,16,0,,,,
http://aresdistributors.com/rick-de-la-croix/],https://www.pieric-rick-dela-croix.com/381-2/,de la croix,2021-06-11,2021-02-23,,,,,,,,15,0,16,0,,,,
http://aresdistributors.com/rick-de-la-croix/],https://www.pieric-rick-dela-croix.com/author/admin/,de la croix,2021-06-26,2021-02-23,,,,,,,,16,0,16,0,,,,
http://aresdistributors.com/rick-de-la-croix/],https://www.pieric-rick-dela-croix.com/category/art/,de la croix,2021-06-25,2021-02-23,,,,,,,,16,0,16,0,,,,
http://aresdistributors.com/rick-de-la-croix/],https://www.pieric-rick-dela-croix.com/category/fashion/,de la croix,2021-06-25,2021-02-23,,,,,,,,16,0,16,0,,,,
http://aresdistributors.com/rick-de-la-croix/],https://www.pieric-rick-dela-croix.com/category/lifestyle/,de la croix,2021-06-26,2021-02-23,,,,,,,,16,0,16,0,,,,
http://aresdistributors.com/rick-de-la-croix/],https://www.pieric-rick-dela-croix.com/category/news/,de la croix,2021-05-23,2020-12-28,,,,,,,,16,0,16,0,,,,
http://aresdistributors.com/rick-de-la-croix/],https://www.pieric-rick-dela-croix.com/category/pieric-rick-de-la-croix/,de la croix,2021-05-24,2021-02-23,,,,,,,,16,0,16,0,,,,
http://aresdistributors.com/rick-de-la-croix/],https://www.pieric-rick-dela-croix.com/tag/harley-davidson/,de la croix,2021-05-23,2020-12-28,,,,,,,,15,0,16,0,,,,
http://aresdistributors.com/rick-de-la-croix/],https://www.pieric-rick-dela-croix.com/tag/lifestyle/,de la croix,2021-05-24,2020-12-28,,,,,,,,15,0,16,0,,,,
http://aresdistributors.com/rick-de-la-croix/],https://www.pieric-rick-dela-croix.com/tag/pieric-de-la-croix/,de la croix,2021-07-04,2021-02-23,,,,,,,,15,0,16,0,,,,
http://aresdistributors.com/rick-de-la-croix/],http://www.pieric-rick-dela-croix.com/tag/rick-de-la-croix/,de la croix,2021-05-24,2020-12-15,,,,,,,,8,0,16,0,,,,
http://aresdistributors.com/rick-de-la-croix/],https://www.pieric-rick-dela-croix.com/tag/rick-de-la-croix/,de la croix,2021-05-24,2021-02-23,,,,,,,,15,0,16,0,,,,
http://aresdistributors.com/rick-de-la-croixs-bomberg-launches-first-collection-watches-exclusively-women/,http://www.pieric-rick-dela-croix.com/author/admin/page/2/,here,2021-05-24,2021-05-24,,,,,,,,4,0,14,0,,,,
http://aresdistributors.com/rick-de-la-croixs-bomberg-launches-first-collection-watches-exclusively-women/,https://www.pieric-rick-dela-croix.com/author/admin/page/2/,here,2021-05-24,2021-05-24,,,,,,,,8,0,14,0,,,,
http://aresdistributors.com/rick-de-la-croixs-bomberg-launches-first-collection-watches-exclusively-women/,http://www.pieric-rick-dela-croix.com/category/art/page/2/,here,2021-05-24,2021-05-24,,,,,,,,4,0,14,0,,,,
http://aresdistributors.com/rick-de-la-croixs-bomberg-launches-first-collection-watches-exclusively-women/,https://www.pieric-rick-dela-croix.com/category/art/page/2/,here,2021-05-24,2021-05-24,,,,,,,,8,0,14,0,,,,
http://aresdistributors.com/rick-de-la-croixs-bomberg-launches-first-collection-watches-exclusively-women/,http://www.pieric-rick-dela-croix.com/category/fashion/page/2/,here,2021-05-05,2020-11-26,,,,,,,,4,0,14,0,,,,
http://aresdistributors.com/rick-de-la-croixs-bomberg-launches-first-collection-watches-exclusively-women/,https://www.pieric-rick-dela-croix.com/category/fashion/page/2/,here,2021-05-24,2021-05-24,,,,,,,,8,0,14,0,,,,
http://aresdistributors.com/rick-de-la-croixs-bomberg-launches-first-collection-watches-exclusively-women/,http://www.pieric-rick-dela-croix.com/category/lifestyle/page/2/,here,2021-05-24,2021-05-24,,,,,,,,4,0,14,0,,,,
http://aresdistributors.com/rick-de-la-croixs-bomberg-launches-first-collection-watches-exclusively-women/,https://www.pieric-rick-dela-croix.com/category/lifestyle/page/2/,here,2021-05-24,2021-05-24,,,,,,,,8,0,14,0,,,,
http://aresdistributors.com/rick-de-la-croixs-bomberg-launches-first-collection-watches-exclusively-women/,https://www.pieric-rick-dela-croix.com/category/news/page/2/,here,2021-06-07,2020-12-29,,,,,,,,8,0,14,0,,,,
http://aresdistributors.com/rick-de-la-croixs-bomberg-launches-first-collection-watches-exclusively-women/,https://www.pieric-rick-dela-croix.com/category/pieric-rick-de-la-croix/page/2/,here,2021-06-05,2021-05-16,,,,,,,,8,0,14,0,,,,
http://aresdistributors.com/rick-de-la-croixs-bomberg-launches-first-collection-watches-exclusively-women/,https://www.pieric-rick-dela-croix.com/page/2/,here,2021-05-23,2020-12-28,,,,,,,,11,0,14,0,,,,
http://aresdistributors.com/rick-de-la-croixs-bomberg-launches-first-collection-watches-exclusively-women/,https://www.pieric-rick-dela-croix.com/rick-de-la-croixs-bomberg-launches-first-collection-watches-exclusively-women/,here,2021-06-27,2021-01-18,,,,,,,,8,0,14,0,,,,
http://aresdistributors.com/rick-de-la-croixs-bomberg-launches-first-collection-watches-exclusively-women/,https://www.pieric-rick-dela-croix.com/tag/beating-the-odds/,here,2021-06-25,2021-05-11,,,,,,,,9,0,14,0,,,,
http://aresdistributors.com/rick-de-la-croixs-bomberg-launches-first-collection-watches-exclusively-women/,http://www.pieric-rick-dela-croix.com/tag/rick-de-la-croix/,here,2021-05-24,2020-12-15,,,,,,,,8,0,14,0,,,,
http://aresdistributors.com/rick-de-la-croixs-bomberg-launches-first-collection-watches-exclusively-women/,https://www.pieric-rick-dela-croix.com/tag/rick-de-la-croix/,here,2021-05-24,2021-02-23,,,,,,,,15,0,14,0,,,,
http://aresdistributors.com/rick-de-la-croixs-bomberg-launches-first-collection-watches-exclusively-women/,https://www.pieric-rick-dela-croix.com/tag/women/,here,2021-05-28,2021-05-11,,,,,,,,8,0,14,0,,,,
https://aresdistributors.com/robots.txt,https://kobaloski.com/www/aresdistributors.com.html,www.aresdistributors.com/robots.txt,2021-06-17,2020-12-31,+,,,,,,,0,0,0,0,,,,
http://aresdistributors.com/skull-rider-collection-de-la-croix-homage-luxury-speed/,https://www.pieric-rick-dela-croix.com/347-2/,here,2021-06-27,2021-01-18,,,,,,,,8,0,14,0,,,,
http://aresdistributors.com/skull-rider-collection-de-la-croix-homage-luxury-speed/,http://www.pieric-rick-dela-croix.com/author/admin/page/2/,here,2021-05-24,2021-05-24,,,,,,,,4,0,14,0,,,,
http://aresdistributors.com/skull-rider-collection-de-la-croix-homage-luxury-speed/,https://www.pieric-rick-dela-croix.com/author/admin/page/2/,here,2021-05-24,2021-05-24,,,,,,,,8,0,14,0,,,,
http://aresdistributors.com/skull-rider-collection-de-la-croix-homage-luxury-speed/,http://www.pieric-rick-dela-croix.com/category/art/page/2/,here,2021-05-24,2021-05-24,,,,,,,,4,0,14,0,,,,
http://aresdistributors.com/skull-rider-collection-de-la-croix-homage-luxury-speed/,https://www.pieric-rick-dela-croix.com/category/art/page/2/,here,2021-05-24,2021-05-24,,,,,,,,8,0,14,0,,,,
http://aresdistributors.com/skull-rider-collection-de-la-croix-homage-luxury-speed/,http://www.pieric-rick-dela-croix.com/category/fashion/page/2/,here,2021-05-05,2020-11-26,,,,,,,,4,0,14,0,,,,
http://aresdistributors.com/skull-rider-collection-de-la-croix-homage-luxury-speed/,https://www.pieric-rick-dela-croix.com/category/fashion/page/2/,here,2021-05-24,2021-05-24,,,,,,,,8,0,14,0,,,,
http://aresdistributors.com/skull-rider-collection-de-la-croix-homage-luxury-speed/,http://www.pieric-rick-dela-croix.com/category/lifestyle/page/2/,here,2021-05-24,2021-05-24,,,,,,,,4,0,14,0,,,,
http://aresdistributors.com/skull-rider-collection-de-la-croix-homage-luxury-speed/,https://www.pieric-rick-dela-croix.com/category/lifestyle/page/2/,here,2021-05-24,2021-05-24,,,,,,,,8,0,14,0,,,,
http://aresdistributors.com/skull-rider-collection-de-la-croix-homage-luxury-speed/,https://www.pieric-rick-dela-croix.com/category/news/page/2/,here,2021-06-07,2020-12-29,,,,,,,,8,0,14,0,,,,
http://aresdistributors.com/skull-rider-collection-de-la-croix-homage-luxury-speed/,https://www.pieric-rick-dela-croix.com/category/pieric-rick-de-la-croix/page/2/,here,2021-06-05,2021-05-16,,,,,,,,8,0,14,0,,,,
http://aresdistributors.com/skull-rider-collection-de-la-croix-homage-luxury-speed/,https://www.pieric-rick-dela-croix.com/page/2/,here,2021-05-23,2020-12-28,,,,,,,,11,0,14,0,,,,
http://aresdistributors.com/skull-rider-collection-de-la-croix-homage-luxury-speed/,https://www.pieric-rick-dela-croix.com/tag/beating-the-odds/,here,2021-06-25,2021-05-11,,,,,,,,9,0,14,0,,,,
http://aresdistributors.com/skull-rider-collection-de-la-croix-homage-luxury-speed/,https://www.pieric-rick-dela-croix.com/tag/hublot/,here,2021-06-27,2021-05-10,,,,,,,,8,0,14,0,,,,
http://aresdistributors.com/skull-rider-collection-de-la-croix-homage-luxury-speed/,http://www.pieric-rick-dela-croix.com/tag/rick-de-la-croix/,here,2021-05-24,2020-12-15,,,,,,,,8,0,14,0,,,,
http://aresdistributors.com/skull-rider-collection-de-la-croix-homage-luxury-speed/,https://www.pieric-rick-dela-croix.com/tag/rick-de-la-croix/,here,2021-05-24,2021-02-23,,,,,,,,15,0,14,0,,,,
http://aresdistributors.com/skull-rider-collection-de-la-croix-paying-homage-luxury-speed/,http://www.pieric-rick-dela-croix.com/author/admin/page/2/,rick de la croix beating the odds again with the skull rider collection,2021-05-24,2021-05-24,,+,,,,,,4,0,14,0,,,,
http://aresdistributors.com/skull-rider-collection-de-la-croix-paying-homage-luxury-speed/,https://www.pieric-rick-dela-croix.com/author/admin/page/2/,rick de la croix beating the odds again with the skull rider collection,2021-05-24,2021-05-24,,+,,,,,,8,0,14,0,,,,
http://aresdistributors.com/skull-rider-collection-de-la-croix-paying-homage-luxury-speed/,http://www.pieric-rick-dela-croix.com/category/fashion/page/2/,rick de la croix beating the odds again with the skull rider collection,2021-05-05,2020-11-26,,+,,,,,,4,0,14,0,,,,
http://aresdistributors.com/skull-rider-collection-de-la-croix-paying-homage-luxury-speed/,https://www.pieric-rick-dela-croix.com/category/fashion/page/2/,rick de la croix beating the odds again with the skull rider collection,2021-05-24,2021-05-24,,+,,,,,,8,0,14,0,,,,
http://aresdistributors.com/skull-rider-collection-de-la-croix-paying-homage-luxury-speed/,http://www.pieric-rick-dela-croix.com/category/lifestyle/page/2/,rick de la croix beating the odds again with the skull rider collection,2021-05-24,2021-05-24,,+,,,,,,4,0,14,0,,,,
http://aresdistributors.com/skull-rider-collection-de-la-croix-paying-homage-luxury-speed/,https://www.pieric-rick-dela-croix.com/category/lifestyle/page/2/,rick de la croix beating the odds again with the skull rider collection,2021-05-24,2021-05-24,,+,,,,,,8,0,14,0,,,,
http://aresdistributors.com/skull-rider-collection-de-la-croix-paying-homage-luxury-speed/,https://www.pieric-rick-dela-croix.com/category/news/page/2/,rick de la croix beating the odds again with the skull rider collection,2021-06-07,2020-12-29,,+,,,,,,8,0,14,0,,,,
http://aresdistributors.com/skull-rider-collection-de-la-croix-paying-homage-luxury-speed/,https://www.pieric-rick-dela-croix.com/category/pieric-rick-de-la-croix/page/2/,rick de la croix beating the odds again with the skull rider collection,2021-06-05,2021-05-16,,+,,,,,,8,0,14,0,,,,
http://aresdistributors.com/skull-rider-collection-de-la-croix-paying-homage-luxury-speed/,https://www.pieric-rick-dela-croix.com/category/uncategorized/,rick de la croix beating the odds again with the skull rider collection,2021-05-28,2021-02-23,,+,,,,,,15,0,14,0,,,,
http://aresdistributors.com/skull-rider-collection-de-la-croix-paying-homage-luxury-speed/,https://www.pieric-rick-dela-croix.com/page/2/,rick de la croix beating the odds again with the skull rider collection,2021-05-23,2020-12-28,,+,,,,,,11,0,14,0,,,,
http://aresdistributors.com/skull-rider-collection-de-la-croix-paying-homage-luxury-speed/,http://www.pieric-rick-dela-croix.com/skull-rider-collection-rick-de-la-croix-homage-luxury-speed/,rick de la croix beating the odds again with the skull rider collection,2021-05-24,2020-12-15,,+,,,,,,0,0,14,0,,,,
http://aresdistributors.com/skull-rider-collection-de-la-croix-paying-homage-luxury-speed/,https://www.pieric-rick-dela-croix.com/skull-rider-collection-rick-de-la-croix-homage-luxury-speed/,rick de la croix beating the odds again with the skull rider collection,2021-06-27,2021-01-18,,+,,,,,,9,0,14,0,,,,
http://aresdistributors.com/skull-rider-collection-de-la-croix-paying-homage-luxury-speed/,https://www.pieric-rick-dela-croix.com/tag/beating-the-odds/,rick de la croix beating the odds again with the skull rider collection,2021-06-25,2021-05-11,,+,,,,,,9,0,14,0,,,,
http://aresdistributors.com/skull-rider-collection-de-la-croix-paying-homage-luxury-speed/,https://www.pieric-rick-dela-croix.com/tag/bomberg/,rick de la croix beating the odds again with the skull rider collection,2021-05-23,2020-12-28,,+,,,,,,15,0,14,0,,,,
http://aresdistributors.com/skull-rider-collection-de-la-croix-paying-homage-luxury-speed/,http://www.pieric-rick-dela-croix.com/tag/luxury/,rick de la croix beating the odds again with the skull rider collection,2021-05-24,2020-12-15,,+,,,,,,5,0,14,0,,,,
http://aresdistributors.com/skull-rider-collection-de-la-croix-paying-homage-luxury-speed/,https://www.pieric-rick-dela-croix.com/tag/luxury/,rick de la croix beating the odds again with the skull rider collection,2021-05-10,2021-05-10,,+,,,,,,10,0,14,0,,,,
http://aresdistributors.com/skull-rider-collection-de-la-croix-paying-homage-luxury-speed/,http://www.pieric-rick-dela-croix.com/tag/rick-de-la-croix/,rick de la croix beating the odds again with the skull rider collection,2021-05-24,2020-12-15,,+,,,,,,8,0,14,0,,,,
http://aresdistributors.com/skull-rider-collection-de-la-croix-paying-homage-luxury-speed/,https://www.pieric-rick-dela-croix.com/tag/rick-de-la-croix/,rick de la croix beating the odds again with the skull rider collection,2021-05-24,2021-02-23,,+,,,,,,15,0,14,0,,,,
https://aresdistributors.com/wp-content/uploads/2017/03/King-Power-Unico-Gennady-Golovkin-2.jpg,https://www.logospng.com/topic/ggg,,2021-05-19,2021-05-19,,+,,,,,,6,3,15,1,Business/Human Resources,3,Business/Human Resources,11
https://aresdistributors.com/wp-content/uploads/2018/07/NickyJam1.jpg,https://4uhost.info/nicky-jam-hublot-watch.html,nicky jam new hublot ambassador ares,2021-06-05,2020-12-24,,+,,,,,,0,0,23,0,,,Regional/Europe,9
https://aresdistributors.com/wp-content/uploads/2018/07/NickyJam1.jpg,https://4uhost.info/nicky-jam-watch-collection.html,nicky jam new hublot ambassador ares,2021-06-06,2020-12-27,,+,,,,,,0,0,23,0,,,Regional/Europe,9
https://aresdistributors.com/wp-content/uploads/2018/07/NickyJam1.jpg,https://4uhost.info/nicky-jam-watch.html,nicky jam new hublot ambassador ares,2021-06-06,2020-12-27,,+,,,,,,0,0,23,0,,,Regional/Europe,9
https://aresdistributors.com/wp-content/uploads/2018/07/NickyJam1.jpg,https://aband.info/nicky-jam-watch-collection.html,nicky jam new hublot ambassador ares,2021-06-30,2021-06-30,,+,,,,,,0,0,23,0,,,Arts/Music,11
https://aresdistributors.com/wp-content/uploads/2018/07/NickyJam1.jpg,https://aband.info/nicky-jam-watch.html,nicky jam new hublot ambassador ares,2021-06-30,2021-06-30,,+,,,,,,0,0,23,0,,,Arts/Music,11
https://aresdistributors.com/wp-content/uploads/2018/07/NickyJam1.jpg,https://andrzejadamek.info/nicky-jam-hublot-watch.html,nicky jam new hublot ambassador ares,2021-06-30,2021-06-30,,+,,,,,,0,0,23,0,,,Regional/Europe,16
https://aresdistributors.com/wp-content/uploads/2018/07/NickyJam1.jpg,https://andrzejadamek.info/nicky-jam-watch-collection.html,nicky jam new hublot ambassador ares,2021-07-01,2021-07-01,,+,,,,,,0,0,23,0,,,Regional/Europe,16
https://aresdistributors.com/wp-content/uploads/2018/07/NickyJam1.jpg,https://andrzejadamek.info/nicky-jam-watch.html,nicky jam new hublot ambassador ares,2021-06-29,2021-06-29,,+,,,,,,0,0,23,0,,,Regional/Europe,16
https://aresdistributors.com/wp-content/uploads/2018/07/NickyJam1.jpg,https://edu-guide2.info/nicky-jam-watch-collection.html,nicky jam new hublot ambassador ares,2021-06-30,2021-06-30,,+,,,,,,0,0,23,0,,,Science/Science in Society,15
https://aresdistributors.com/wp-content/uploads/2018/07/NickyJam1.jpg,https://edu-guide2.info/nicky-jam-watch.html,nicky jam new hublot ambassador ares,2021-07-01,2021-07-01,,+,,,,,,0,0,23,0,,,Science/Science in Society,15
https://aresdistributors.com/wp-content/uploads/2018/07/NickyJam1.jpg,https://freemachines.info/nicky-jam-hublot-watch.html,nicky jam new hublot ambassador ares,2021-06-10,2020-12-23,,+,,,,,,0,0,23,0,,,Arts,17
https://aresdistributors.com/wp-content/uploads/2018/07/NickyJam1.jpg,https://freemachines.info/nicky-jam-watch-collection.html,nicky jam new hublot ambassador ares,2021-06-09,2020-12-23,,+,,,,,,0,0,23,0,,,Arts,17
https://aresdistributors.com/wp-content/uploads/2018/07/NickyJam1.jpg,https://freemachines.info/nicky-jam-watch.html,nicky jam new hublot ambassador ares,2021-06-09,2020-12-21,,+,,,,,,0,0,23,0,,,Arts,17
https://aresdistributors.com/wp-content/uploads/2018/07/NickyJam1.jpg,https://hp-catering.info/nicky-jam-hublot-watch.html,nicky jam new hublot ambassador ares,2021-06-04,2021-03-13,,+,,,,,,0,0,23,0,,,,
https://aresdistributors.com/wp-content/uploads/2018/07/NickyJam1.jpg,https://hp-catering.info/nicky-jam-watch-collection.html,nicky jam new hublot ambassador ares,2021-05-29,2020-12-20,,+,,,,,,0,0,23,0,,,,
https://aresdistributors.com/wp-content/uploads/2018/07/NickyJam1.jpg,https://hp-catering.info/nicky-jam-watch.html,nicky jam new hublot ambassador ares,2021-05-27,2020-12-18,,+,,,,,,0,0,23,0,,,,
https://aresdistributors.com/wp-content/uploads/2018/07/NickyJam1.jpg,https://mtaoc.info/nicky-jam-hublot-watch.html,nicky jam new hublot ambassador ares,2021-05-01,2021-02-10,,+,,,,,,0,0,23,0,,,Arts/Performing Arts,23
https://aresdistributors.com/wp-content/uploads/2018/07/NickyJam1.jpg,https://mtaoc.info/nicky-jam-watch-collection.html,nicky jam new hublot ambassador ares,2021-05-03,2020-11-24,,+,,,,,,0,0,23,0,,,Arts/Performing Arts,23
https://aresdistributors.com/wp-content/uploads/2018/07/NickyJam1.jpg,https://mtaoc.info/nicky-jam-watch.html,nicky jam new hublot ambassador ares,2021-04-28,2020-11-19,,+,,,,,,0,0,23,0,,,Arts/Performing Arts,23
https://aresdistributors.com/wp-content/uploads/2018/07/NickyJam1.jpg,https://neighbornetwork.info/nicky-jam-watch-collection.html,nicky jam new hublot ambassador ares,2021-07-02,2021-07-02,,+,,,,,,0,0,23,0,,,Society/People,16
https://aresdistributors.com/wp-content/uploads/2018/07/NickyJam1.jpg,https://neighbornetwork.info/nicky-jam-watch.html,nicky jam new hublot ambassador ares,2021-06-30,2021-06-30,,+,,,,,,0,0,23,0,,,Society/People,16
https://aresdistributors.com/wp-content/uploads/2018/07/NickyJam1.jpg,https://radio80.info/nicky-jam-hublot-watch.html,nicky jam new hublot ambassador ares,2021-06-01,2020-12-20,,+,,,,,,0,0,23,0,,,Arts/Music,19
https://aresdistributors.com/wp-content/uploads/2018/07/NickyJam1.jpg,https://radio80.info/nicky-jam-watch-collection.html,nicky jam new hublot ambassador ares,2021-06-01,2020-12-20,,+,,,,,,0,0,23,0,,,Arts/Music,19
https://aresdistributors.com/wp-content/uploads/2018/07/NickyJam1.jpg,https://radio80.info/nicky-jam-watch.html,nicky jam new hublot ambassador ares,2021-06-01,2020-12-20,,+,,,,,,0,0,23,0,,,Arts/Music,19
https://aresdistributors.com/wp-content/uploads/2018/07/NickyJam1.jpg,https://riabinoviy.info/nicky-jam-hublot-watch.html,nicky jam new hublot ambassador ares,2021-06-30,2021-06-30,,+,,,,,,0,0,23,0,,,Arts/Music,7
https://aresdistributors.com/wp-content/uploads/2018/07/NickyJam1.jpg,https://riabinoviy.info/nicky-jam-watch-collection.html,nicky jam new hublot ambassador ares,2021-06-29,2021-06-29,,+,,,,,,0,0,23,0,,,Arts/Music,7
https://aresdistributors.com/wp-content/uploads/2018/07/NickyJam1.jpg,https://riabinoviy.info/nicky-jam-watch.html,nicky jam new hublot ambassador ares,2021-06-28,2021-06-28,,+,,,,,,0,0,23,0,,,Arts/Music,7
https://aresdistributors.com/wp-content/uploads/2018/07/NickyJam1.jpg,https://sommeil-mg.info/nicky-jam-watch-collection.html,nicky jam new hublot ambassador ares,2021-06-15,2021-01-06,,+,,,,,,0,0,23,0,,,Health/Conditions and Diseases,18
https://aresdistributors.com/wp-content/uploads/2018/07/NickyJam1.jpg,https://sommeil-mg.info/nicky-jam-watch.html,nicky jam new hublot ambassador ares,2021-06-13,2021-01-03,,+,,,,,,0,0,23,0,,,Health/Conditions and Diseases,18
https://aresdistributors.com/wp-content/uploads/2018/07/NickyJam1.jpg,https://ut-magic-andromeda.info/nicky-jam-hublot-watch.html,nicky jam new hublot ambassador ares,2021-07-03,2021-07-03,,+,,,,,,0,0,23,0,,,Arts/Performing Arts,16
https://aresdistributors.com/wp-content/uploads/2018/07/NickyJam1.jpg,https://ut-magic-andromeda.info/nicky-jam-watch-collection.html,nicky jam new hublot ambassador ares,2021-07-01,2021-07-01,,+,,,,,,0,0,23,0,,,Arts/Performing Arts,16
https://aresdistributors.com/wp-content/uploads/2018/07/NickyJam1.jpg,https://ut-magic-andromeda.info/nicky-jam-watch.html,nicky jam new hublot ambassador ares,2021-06-30,2021-06-30,,+,,,,,,0,0,23,0,,,Arts/Performing Arts,16
https://aresdistributors.com/wp-content/uploads/2018/07/NickyJam1.jpg,https://vlervrbth.info/nicky-jam-watch-collection.html,nicky jam new hublot ambassador ares,2021-06-20,2021-03-31,,+,,,,,,0,0,23,0,,,Computers/Programming/Languages,4
https://aresdistributors.com/wp-content/uploads/2018/07/NickyJam1.jpg,https://vlervrbth.info/nicky-jam-watch.html,nicky jam new hublot ambassador ares,2021-06-12,2021-03-24,,+,,,,,,0,0,23,0,,,Computers/Programming/Languages,4
https://aresdistributors.com/wp-content/uploads/2018/07/NickyJam1.jpg,https://weloveaudicar.info/nicky-jam-hublot-watch.html,nicky jam new hublot ambassador ares,2021-07-03,2021-07-03,,+,,,,,,0,0,23,0,,,Arts/Crafts,20
https://aresdistributors.com/wp-content/uploads/2018/07/NickyJam1.jpg,https://weloveaudicar.info/nicky-jam-watch-collection.html,nicky jam new hublot ambassador ares,2021-07-03,2021-07-03,,+,,,,,,0,0,23,0,,,Arts/Crafts,20
https://aresdistributors.com/wp-content/uploads/2018/07/NickyJam1.jpg,https://weloveaudicar.info/nicky-jam-watch.html,nicky jam new hublot ambassador ares,2021-07-01,2021-07-01,,+,,,,,,0,0,23,0,,,Arts/Crafts,20
https://aresdistributors.com/wp-content/uploads/2018/11/BIG-BANG-UNICO-SPECIAL-ONE.jpg,https://zilongjsi.blogspot.com/2021/04/mourinho-watch-delacour-mourinho-city.html,it's unknown why mourinho decided to do this. big bang unico special one with jose mourinho ares,2021-04-20,2021-04-20,,+,,,,,,0,0,6,0,,,Society/People,61
https://aresdistributors.com/wp-content/uploads/2018/11/BIG-BANG-UNICO-SPECIAL-ONE.jpg,https://zilongjsi.blogspot.com/2021/04/mourinho-watch-delacour-mourinho-city.html,manchester united manager jose mourinho was in austria on friday to watch eintracht frankfurt and serbia winger mijat gacinovic....,2021-04-20,2021-04-20,,+,,,,,,0,0,6,0,,,Society/People,61
http://aresdistributors.com/wp-content/uploads/2018/11/Logo.png,https://www.logospng.com/topic/bouvet-logo,,2021-06-02,2021-03-14,,+,,,,,,0,0,0,0,,,Business/Human Resources,11